Week,None,D0-D4,D1-D4,D2-D4,D3-D4,D4
2000-01-04,100.0,0.0,0.0,0.0,0.0,0.0
2000-01-11,100.0,0.0,0.0,0.0,0.0,0.0
2000-01-18,100.0,0.0,0.0,0.0,0.0,0.0
2000-01-25,100.0,0.0,0.0,0.0,0.0,0.0
2000-02-01,100.0,0.0,0.0,0.0,0.0,0.0
2000-02-08,100.0,0.0,0.0,0.0,0.0,0.0
2000-02-15,100.0,0.0,0.0,0.0,0.0,0.0
2000-02-22,100.0,0.0,0.0,0.0,0.0,0.0
2000-02-29,100.0,0.0,0.0,0.0,0.0,0.0
2000-03-07,100.0,0.0,0.0,0.0,0.0,0.0
2000-03-14,100.0,0.0,0.0,0.0,0.0,0.0
2000-03-21,100.0,0.0,0.0,0.0,0.0,0.0
2000-03-28,96.29,3.71,0.0,0.0,0.0,0.0
2000-04-04,99.75,0.25,0.0,0.0,0.0,0.0
2000-04-11,100.0,0.0,0.0,0.0,0.0,0.0
2000-04-18,98.63,1.37,0.0,0.0,0.0,0.0
2000-04-25,98.0,2.0,0.0,0.0,0.0,0.0
2000-05-02,97.97,2.03,0.0,0.0,0.0,0.0
2000-05-09,97.97,2.03,0.0,0.0,0.0,0.0
2000-05-16,97.97,2.03,0.0,0.0,0.0,0.0
2000-05-23,98.71,1.29,0.0,0.0,0.0,0.0
2000-05-30,98.71,1.29,0.0,0.0,0.0,0.0
2000-06-06,98.71,1.29,0.0,0.0,0.0,0.0
2000-06-13,98.71,1.29,0.0,0.0,0.0,0.0
2000-06-20,98.71,1.29,0.0,0.0,0.0,0.0
2000-06-27,98.71,1.29,0.0,0.0,0.0,0.0
2000-07-04,96.8,3.2,0.0,0.0,0.0,0.0
2000-07-11,96.8,3.2,0.0,0.0,0.0,0.0
2000-07-18,94.37,5.63,2.33,0.0,0.0,0.0
2000-07-25,97.03,2.97,0.93,0.0,0.0,0.0
2000-08-01,97.03,2.97,0.93,0.0,0.0,0.0
2000-08-08,97.25,2.75,0.91,0.0,0.0,0.0
2000-08-15,97.46,2.54,0.53,0.0,0.0,0.0
2000-08-22,97.46,2.54,0.53,0.0,0.0,0.0
2000-08-29,98.51,1.49,0.25,0.0,0.0,0.0
2000-09-05,98.51,1.49,0.48,0.0,0.0,0.0
2000-09-12,98.51,1.49,0.48,0.0,0.0,0.0
2000-09-19,98.51,1.49,0.48,0.0,0.0,0.0
2000-09-26,98.96,1.04,0.0,0.0,0.0,0.0
2000-10-03,98.95,1.05,0.0,0.0,0.0,0.0
2000-10-10,98.91,1.09,0.0,0.0,0.0,0.0
2000-10-17,98.88,1.12,0.0,0.0,0.0,0.0
2000-10-24,100.0,0.0,0.0,0.0,0.0,0.0
2000-10-31,100.0,0.0,0.0,0.0,0.0,0.0
2000-11-07,83.15,16.85,0.0,0.0,0.0,0.0
2000-11-14,100.0,0.0,0.0,0.0,0.0,0.0
2000-11-21,100.0,0.0,0.0,0.0,0.0,0.0
2000-11-28,100.0,0.0,0.0,0.0,0.0,0.0
2000-12-05,97.58,2.42,0.0,0.0,0.0,0.0
2000-12-12,97.58,2.42,0.0,0.0,0.0,0.0
2000-12-19,97.69,2.31,0.0,0.0,0.0,0.0
2000-12-26,97.69,2.31,0.0,0.0,0.0,0.0
2001-01-02,97.68,2.32,0.0,0.0,0.0,0.0
2001-01-09,97.68,2.32,0.0,0.0,0.0,0.0
2001-01-16,97.68,2.32,0.0,0.0,0.0,0.0
2001-01-23,82.15,17.85,0.0,0.0,0.0,0.0
2001-01-30,83.69,16.31,0.0,0.0,0.0,0.0
2001-02-06,90.65,9.35,0.0,0.0,0.0,0.0
2001-02-13,90.65,9.35,0.0,0.0,0.0,0.0
2001-02-20,95.03,4.97,0.0,0.0,0.0,0.0
2001-02-27,90.62,9.38,0.0,0.0,0.0,0.0
2001-03-06,91.48,8.52,0.0,0.0,0.0,0.0
2001-03-13,91.48,8.52,0.0,0.0,0.0,0.0
2001-03-20,91.89,8.11,0.0,0.0,0.0,0.0
2001-03-27,98.58,1.42,0.0,0.0,0.0,0.0
2001-04-03,99.44,0.56,0.0,0.0,0.0,0.0
2001-04-10,98.54,1.46,0.0,0.0,0.0,0.0
2001-04-17,96.1,3.9,0.0,0.0,0.0,0.0
2001-04-24,100.0,0.0,0.0,0.0,0.0,0.0
2001-05-01,100.0,0.0,0.0,0.0,0.0,0.0
2001-05-08,12.95,87.05,0.0,0.0,0.0,0.0
2001-05-15,12.95,87.05,12.19,0.0,0.0,0.0
2001-05-22,6.85,93.15,72.58,0.0,0.0,0.0
2001-05-29,5.78,94.22,45.42,0.0,0.0,0.0
2001-06-05,58.28,41.72,6.96,0.0,0.0,0.0
2001-06-12,70.93,29.07,6.96,0.0,0.0,0.0
2001-06-19,77.47,22.53,5.01,0.0,0.0,0.0
2001-06-26,80.06,19.94,0.0,0.0,0.0,0.0
2001-07-03,80.06,19.94,0.0,0.0,0.0,0.0
2001-07-10,75.25,24.75,0.0,0.0,0.0,0.0
2001-07-17,75.32,24.68,0.0,0.0,0.0,0.0
2001-07-24,76.63,23.37,6.92,0.0,0.0,0.0
2001-07-31,49.69,50.31,12.48,0.0,0.0,0.0
2001-08-07,35.26,64.74,14.16,0.0,0.0,0.0
2001-08-14,36.78,63.22,26.34,15.0,0.0,0.0
2001-08-21,39.45,60.55,23.72,14.31,0.0,0.0
2001-08-28,22.22,77.78,23.56,13.53,0.0,0.0
2001-09-04,31.36,68.64,14.23,6.78,0.0,0.0
2001-09-11,28.46,71.54,20.33,8.69,0.0,0.0
2001-09-18,16.96,83.04,15.7,8.69,0.0,0.0
2001-09-25,72.6,27.4,12.58,8.69,0.0,0.0
2001-10-02,75.63,24.37,9.52,0.0,0.0,0.0
2001-10-09,64.04,35.96,9.52,0.0,0.0,0.0
2001-10-16,64.17,35.83,9.52,0.0,0.0,0.0
2001-10-23,36.61,63.39,9.52,0.0,0.0,0.0
2001-10-30,44.15,55.85,19.92,0.0,0.0,0.0
2001-11-06,38.77,61.23,30.79,0.0,0.0,0.0
2001-11-13,40.91,59.09,30.79,0.0,0.0,0.0
2001-11-20,40.91,59.09,28.51,0.0,0.0,0.0
2001-11-27,40.49,59.51,33.44,0.0,0.0,0.0
2001-12-04,40.54,59.46,30.13,0.0,0.0,0.0
2001-12-11,40.54,59.46,30.46,0.0,0.0,0.0
2001-12-18,40.65,59.35,24.75,13.97,0.0,0.0
2001-12-25,52.61,47.39,24.75,11.66,0.0,0.0
2002-01-01,52.83,47.17,24.88,12.26,0.0,0.0
2002-01-08,58.67,41.33,24.85,12.16,0.0,0.0
2002-01-15,58.78,41.22,25.05,12.2,0.0,0.0
2002-01-22,60.24,39.76,23.86,10.74,0.0,0.0
2002-01-29,34.64,65.36,30.72,19.28,0.0,0.0
2002-02-05,42.06,57.94,30.32,19.18,0.0,0.0
2002-02-12,42.59,57.41,30.62,20.25,0.0,0.0
2002-02-19,42.03,57.97,30.97,20.27,12.12,0.0
2002-02-26,42.29,57.71,30.58,21.85,12.44,0.0
2002-03-05,41.64,58.36,31.57,22.36,12.3,0.0
2002-03-12,41.21,58.79,30.82,21.55,11.99,0.0
2002-03-19,40.54,59.46,31.16,23.39,12.3,0.0
2002-03-26,40.44,59.56,31.27,22.83,11.71,0.0
2002-04-02,55.72,44.28,27.42,20.51,10.97,0.0
2002-04-09,55.88,44.12,27.75,20.98,10.41,0.0
2002-04-16,70.36,29.64,24.27,19.83,11.41,0.0
2002-04-23,69.35,30.65,23.93,18.61,11.33,0.0
2002-04-30,71.91,28.09,22.43,16.62,7.46,0.0
2002-05-07,71.97,28.03,21.78,16.99,0.49,0.0
2002-05-14,73.89,26.11,19.67,16.27,0.0,0.0
2002-05-21,76.78,23.22,15.91,12.58,0.0,0.0
2002-05-28,78.73,21.27,16.85,11.5,0.0,0.0
2002-06-04,81.48,18.52,14.6,9.33,0.0,0.0
2002-06-11,81.45,18.55,8.38,0.18,0.0,0.0
2002-06-18,83.18,16.82,7.4,0.14,0.0,0.0
2002-06-25,83.26,16.74,5.95,0.23,0.0,0.0
2002-07-02,83.61,16.39,6.26,0.32,0.0,0.0
2002-07-09,74.19,25.81,6.42,0.61,0.0,0.0
2002-07-16,75.64,24.36,13.32,2.13,0.0,0.0
2002-07-23,9.91,90.09,13.11,7.16,0.0,0.0
2002-07-30,26.69,73.31,15.24,8.0,0.12,0.0
2002-08-06,45.03,54.97,13.89,9.92,0.01,0.0
2002-08-13,45.85,54.15,14.44,9.66,0.01,0.0
2002-08-20,47.23,52.77,18.12,11.75,6.09,0.23
2002-08-27,62.25,37.75,18.59,11.95,5.97,0.0
2002-09-03,35.5,64.5,15.65,7.0,0.0,0.0
2002-09-10,5.77,94.23,48.65,8.0,0.0,0.0
2002-09-17,10.03,89.97,41.55,8.87,0.0,0.0
2002-09-24,20.58,79.42,42.8,7.48,0.71,0.0
2002-10-01,77.43,22.57,11.41,5.12,0.03,0.0
2002-10-08,75.56,24.44,13.06,7.82,4.26,0.0
2002-10-15,83.43,16.57,10.34,2.95,0.88,0.0
2002-10-22,84.94,15.06,9.14,3.15,0.0,0.0
2002-10-29,83.66,16.34,7.56,0.4,0.0,0.0
2002-11-05,87.76,12.24,2.54,0.0,0.0,0.0
2002-11-12,86.28,13.72,1.79,0.0,0.0,0.0
2002-11-19,88.49,11.51,0.0,0.0,0.0,0.0
2002-11-26,90.37,9.63,0.0,0.0,0.0,0.0
2002-12-03,89.75,10.25,0.0,0.0,0.0,0.0
2002-12-10,88.36,11.64,0.88,0.0,0.0,0.0
2002-12-17,92.97,7.03,0.0,0.0,0.0,0.0
2002-12-24,93.04,6.96,0.0,0.0,0.0,0.0
2002-12-31,93.42,6.58,0.0,0.0,0.0,0.0
2003-01-07,93.16,6.84,0.0,0.0,0.0,0.0
2003-01-14,93.18,6.82,0.0,0.0,0.0,0.0
2003-01-21,93.46,6.54,0.0,0.0,0.0,0.0
2003-01-28,93.16,6.84,0.0,0.0,0.0,0.0
2003-02-04,94.82,5.18,0.0,0.0,0.0,0.0
2003-02-11,94.56,5.44,0.0,0.0,0.0,0.0
2003-02-18,94.95,5.05,0.0,0.0,0.0,0.0
2003-02-25,96.38,3.62,0.0,0.0,0.0,0.0
2003-03-04,94.44,5.56,0.0,0.0,0.0,0.0
2003-03-11,93.47,6.53,0.0,0.0,0.0,0.0
2003-03-18,78.54,21.46,0.0,0.0,0.0,0.0
2003-03-25,88.94,11.06,0.0,0.0,0.0,0.0
2003-04-01,90.21,9.79,0.0,0.0,0.0,0.0
2003-04-08,100.0,0.0,0.0,0.0,0.0,0.0
2003-04-15,100.0,0.0,0.0,0.0,0.0,0.0
2003-04-22,100.0,0.0,0.0,0.0,0.0,0.0
2003-04-29,90.71,9.29,0.0,0.0,0.0,0.0
2003-05-06,90.37,9.63,0.0,0.0,0.0,0.0
2003-05-13,92.59,7.41,0.0,0.0,0.0,0.0
2003-05-20,92.12,7.88,0.0,0.0,0.0,0.0
2003-05-27,94.56,5.44,0.0,0.0,0.0,0.0
2003-06-03,100.0,0.0,0.0,0.0,0.0,0.0
2003-06-10,100.0,0.0,0.0,0.0,0.0,0.0
2003-06-17,100.0,0.0,0.0,0.0,0.0,0.0
2003-06-24,100.0,0.0,0.0,0.0,0.0,0.0
2003-07-01,100.0,0.0,0.0,0.0,0.0,0.0
2003-07-08,90.84,9.16,0.0,0.0,0.0,0.0
2003-07-15,90.18,9.82,0.0,0.0,0.0,0.0
2003-07-22,100.0,0.0,0.0,0.0,0.0,0.0
2003-07-29,100.0,0.0,0.0,0.0,0.0,0.0
2003-08-05,100.0,0.0,0.0,0.0,0.0,0.0
2003-08-12,100.0,0.0,0.0,0.0,0.0,0.0
2003-08-19,100.0,0.0,0.0,0.0,0.0,0.0
2003-08-26,98.33,1.67,0.0,0.0,0.0,0.0
2003-09-02,99.38,0.62,0.0,0.0,0.0,0.0
2003-09-09,99.28,0.72,0.0,0.0,0.0,0.0
2003-09-16,94.99,5.01,0.0,0.0,0.0,0.0
2003-09-23,92.71,7.29,0.0,0.0,0.0,0.0
2003-09-30,92.43,7.57,0.0,0.0,0.0,0.0
2003-10-07,100.0,0.0,0.0,0.0,0.0,0.0
2003-10-14,100.0,0.0,0.0,0.0,0.0,0.0
2003-10-21,100.0,0.0,0.0,0.0,0.0,0.0
2003-10-28,100.0,0.0,0.0,0.0,0.0,0.0
2003-11-04,100.0,0.0,0.0,0.0,0.0,0.0
2003-11-11,100.0,0.0,0.0,0.0,0.0,0.0
2003-11-18,100.0,0.0,0.0,0.0,0.0,0.0
2003-11-25,100.0,0.0,0.0,0.0,0.0,0.0
2003-12-02,100.0,0.0,0.0,0.0,0.0,0.0
2003-12-09,100.0,0.0,0.0,0.0,0.0,0.0
2003-12-16,100.0,0.0,0.0,0.0,0.0,0.0
2003-12-23,100.0,0.0,0.0,0.0,0.0,0.0
2003-12-30,100.0,0.0,0.0,0.0,0.0,0.0
2004-01-06,100.0,0.0,0.0,0.0,0.0,0.0
2004-01-13,100.0,0.0,0.0,0.0,0.0,0.0
2004-01-20,100.0,0.0,0.0,0.0,0.0,0.0
2004-01-27,100.0,0.0,0.0,0.0,0.0,0.0
2004-02-03,100.0,0.0,0.0,0.0,0.0,0.0
2004-02-10,100.0,0.0,0.0,0.0,0.0,0.0
2004-02-17,100.0,0.0,0.0,0.0,0.0,0.0
2004-02-24,100.0,0.0,0.0,0.0,0.0,0.0
2004-03-02,100.0,0.0,0.0,0.0,0.0,0.0
2004-03-09,88.06,11.94,0.0,0.0,0.0,0.0
2004-03-16,88.06,11.94,0.0,0.0,0.0,0.0
2004-03-23,89.19,10.81,0.0,0.0,0.0,0.0
2004-03-30,89.19,10.81,0.0,0.0,0.0,0.0
2004-04-06,100.0,0.0,0.0,0.0,0.0,0.0
2004-04-13,100.0,0.0,0.0,0.0,0.0,0.0
2004-04-20,100.0,0.0,0.0,0.0,0.0,0.0
2004-04-27,100.0,0.0,0.0,0.0,0.0,0.0
2004-05-04,100.0,0.0,0.0,0.0,0.0,0.0
2004-05-11,100.0,0.0,0.0,0.0,0.0,0.0
2004-05-18,100.0,0.0,0.0,0.0,0.0,0.0
2004-05-25,100.0,0.0,0.0,0.0,0.0,0.0
2004-06-01,100.0,0.0,0.0,0.0,0.0,0.0
2004-06-08,100.0,0.0,0.0,0.0,0.0,0.0
2004-06-15,100.0,0.0,0.0,0.0,0.0,0.0
2004-06-22,100.0,0.0,0.0,0.0,0.0,0.0
2004-06-29,100.0,0.0,0.0,0.0,0.0,0.0
2004-07-06,100.0,0.0,0.0,0.0,0.0,0.0
2004-07-13,90.57,9.43,0.0,0.0,0.0,0.0
2004-07-20,99.76,0.24,0.0,0.0,0.0,0.0
2004-07-27,100.0,0.0,0.0,0.0,0.0,0.0
2004-08-03,100.0,0.0,0.0,0.0,0.0,0.0
2004-08-10,100.0,0.0,0.0,0.0,0.0,0.0
2004-08-17,100.0,0.0,0.0,0.0,0.0,0.0
2004-08-24,100.0,0.0,0.0,0.0,0.0,0.0
2004-08-31,100.0,0.0,0.0,0.0,0.0,0.0
2004-09-07,100.0,0.0,0.0,0.0,0.0,0.0
2004-09-14,100.0,0.0,0.0,0.0,0.0,0.0
2004-09-21,100.0,0.0,0.0,0.0,0.0,0.0
2004-09-28,100.0,0.0,0.0,0.0,0.0,0.0
2004-10-05,100.0,0.0,0.0,0.0,0.0,0.0
2004-10-12,100.0,0.0,0.0,0.0,0.0,0.0
2004-10-19,100.0,0.0,0.0,0.0,0.0,0.0
2004-10-26,100.0,0.0,0.0,0.0,0.0,0.0
2004-11-02,100.0,0.0,0.0,0.0,0.0,0.0
2004-11-09,100.0,0.0,0.0,0.0,0.0,0.0
2004-11-16,91.23,8.77,0.0,0.0,0.0,0.0
2004-11-23,91.23,8.77,0.0,0.0,0.0,0.0
2004-11-30,100.0,0.0,0.0,0.0,0.0,0.0
2004-12-07,100.0,0.0,0.0,0.0,0.0,0.0
2004-12-14,98.93,1.07,0.0,0.0,0.0,0.0
2004-12-21,99.89,0.11,0.0,0.0,0.0,0.0
2004-12-28,100.0,0.0,0.0,0.0,0.0,0.0
2005-01-04,100.0,0.0,0.0,0.0,0.0,0.0
2005-01-11,100.0,0.0,0.0,0.0,0.0,0.0
2005-01-18,100.0,0.0,0.0,0.0,0.0,0.0
2005-01-25,100.0,0.0,0.0,0.0,0.0,0.0
2005-02-01,100.0,0.0,0.0,0.0,0.0,0.0
2005-02-08,100.0,0.0,0.0,0.0,0.0,0.0
2005-02-15,98.65,1.35,0.0,0.0,0.0,0.0
2005-02-22,97.94,2.06,0.0,0.0,0.0,0.0
2005-03-01,97.37,2.63,0.0,0.0,0.0,0.0
2005-03-08,97.37,2.63,0.0,0.0,0.0,0.0
2005-03-15,97.32,2.68,0.77,0.0,0.0,0.0
2005-03-22,97.32,2.68,0.77,0.0,0.0,0.0
2005-03-29,97.32,2.68,0.77,0.0,0.0,0.0
2005-04-05,97.65,2.35,0.77,0.0,0.0,0.0
2005-04-12,98.29,1.71,0.67,0.0,0.0,0.0
2005-04-19,64.59,35.41,0.66,0.0,0.0,0.0
2005-04-26,98.83,1.17,0.24,0.0,0.0,0.0
2005-05-03,98.83,1.17,0.24,0.0,0.0,0.0
2005-05-10,98.83,1.17,0.24,0.0,0.0,0.0
2005-05-17,99.35,0.65,0.24,0.0,0.0,0.0
2005-05-24,97.99,2.01,0.0,0.0,0.0,0.0
2005-05-31,50.02,49.98,0.0,0.0,0.0,0.0
2005-06-07,50.02,49.98,0.0,0.0,0.0,0.0
2005-06-14,50.78,49.22,0.0,0.0,0.0,0.0
2005-06-21,89.61,10.39,0.0,0.0,0.0,0.0
2005-06-28,82.11,17.89,0.0,0.0,0.0,0.0
2005-07-05,90.6,9.4,0.0,0.0,0.0,0.0
2005-07-12,99.24,0.76,0.0,0.0,0.0,0.0
2005-07-19,81.17,18.83,0.0,0.0,0.0,0.0
2005-07-26,81.17,18.83,0.0,0.0,0.0,0.0
2005-08-02,68.4,31.6,0.0,0.0,0.0,0.0
2005-08-09,51.59,48.41,8.55,0.0,0.0,0.0
2005-08-16,39.73,60.27,11.41,0.0,0.0,0.0
2005-08-23,45.56,54.44,14.97,0.0,0.0,0.0
2005-08-30,45.56,54.44,13.45,0.0,0.0,0.0
2005-09-06,67.34,32.66,0.0,0.0,0.0,0.0
2005-09-13,67.12,32.88,14.09,0.0,0.0,0.0
2005-09-20,65.52,34.48,16.01,0.0,0.0,0.0
2005-09-27,65.52,34.48,17.23,0.0,0.0,0.0
2005-10-04,68.11,31.89,19.52,0.0,0.0,0.0
2005-10-11,95.13,4.87,0.0,0.0,0.0,0.0
2005-10-18,100.0,0.0,0.0,0.0,0.0,0.0
2005-10-25,100.0,0.0,0.0,0.0,0.0,0.0
2005-11-01,100.0,0.0,0.0,0.0,0.0,0.0
2005-11-08,100.0,0.0,0.0,0.0,0.0,0.0
2005-11-15,100.0,0.0,0.0,0.0,0.0,0.0
2005-11-22,100.0,0.0,0.0,0.0,0.0,0.0
2005-11-29,100.0,0.0,0.0,0.0,0.0,0.0
2005-12-06,100.0,0.0,0.0,0.0,0.0,0.0
2005-12-13,100.0,0.0,0.0,0.0,0.0,0.0
2005-12-20,100.0,0.0,0.0,0.0,0.0,0.0
2005-12-27,100.0,0.0,0.0,0.0,0.0,0.0
2006-01-03,100.0,0.0,0.0,0.0,0.0,0.0
2006-01-10,100.0,0.0,0.0,0.0,0.0,0.0
2006-01-17,100.0,0.0,0.0,0.0,0.0,0.0
2006-01-24,100.0,0.0,0.0,0.0,0.0,0.0
2006-01-31,100.0,0.0,0.0,0.0,0.0,0.0
2006-02-07,100.0,0.0,0.0,0.0,0.0,0.0
2006-02-14,100.0,0.0,0.0,0.0,0.0,0.0
2006-02-21,100.0,0.0,0.0,0.0,0.0,0.0
2006-02-28,100.0,0.0,0.0,0.0,0.0,0.0
2006-03-07,100.0,0.0,0.0,0.0,0.0,0.0
2006-03-14,100.0,0.0,0.0,0.0,0.0,0.0
2006-03-21,78.65,21.35,0.0,0.0,0.0,0.0
2006-03-28,78.65,21.35,0.0,0.0,0.0,0.0
2006-04-04,68.73,31.27,0.0,0.0,0.0,0.0
2006-04-11,59.21,40.79,0.2,0.0,0.0,0.0
2006-04-18,59.21,40.79,4.57,0.0,0.0,0.0
2006-04-25,79.65,20.35,0.0,0.0,0.0,0.0
2006-05-02,76.81,23.19,0.0,0.0,0.0,0.0
2006-05-09,51.62,48.38,0.0,0.0,0.0,0.0
2006-05-16,64.38,35.62,0.0,0.0,0.0,0.0
2006-05-23,71.04,28.96,0.0,0.0,0.0,0.0
2006-05-30,65.93,34.07,0.0,0.0,0.0,0.0
2006-06-06,86.31,13.69,0.0,0.0,0.0,0.0
2006-06-13,85.67,14.33,0.0,0.0,0.0,0.0
2006-06-20,85.67,14.33,0.0,0.0,0.0,0.0
2006-06-27,90.18,9.82,0.0,0.0,0.0,0.0
2006-07-04,100.0,0.0,0.0,0.0,0.0,0.0
2006-07-11,100.0,0.0,0.0,0.0,0.0,0.0
2006-07-18,100.0,0.0,0.0,0.0,0.0,0.0
2006-07-25,100.0,0.0,0.0,0.0,0.0,0.0
2006-08-01,100.0,0.0,0.0,0.0,0.0,0.0
2006-08-08,100.0,0.0,0.0,0.0,0.0,0.0
2006-08-15,100.0,0.0,0.0,0.0,0.0,0.0
2006-08-22,93.65,6.35,0.0,0.0,0.0,0.0
2006-08-29,99.98,0.02,0.0,0.0,0.0,0.0
2006-09-05,100.0,0.0,0.0,0.0,0.0,0.0
2006-09-12,100.0,0.0,0.0,0.0,0.0,0.0
2006-09-19,100.0,0.0,0.0,0.0,0.0,0.0
2006-09-26,99.03,0.97,0.0,0.0,0.0,0.0
2006-10-03,97.63,2.37,0.0,0.0,0.0,0.0
2006-10-10,97.63,2.37,0.0,0.0,0.0,0.0
2006-10-17,97.63,2.37,0.0,0.0,0.0,0.0
2006-10-24,98.3,1.7,0.0,0.0,0.0,0.0
2006-10-31,98.3,1.7,0.0,0.0,0.0,0.0
2006-11-07,98.3,1.7,0.0,0.0,0.0,0.0
2006-11-14,98.3,1.7,0.0,0.0,0.0,0.0
2006-11-21,98.3,1.7,0.0,0.0,0.0,0.0
2006-11-28,98.3,1.7,0.0,0.0,0.0,0.0
2006-12-05,98.43,1.57,0.0,0.0,0.0,0.0
2006-12-12,98.48,1.52,0.0,0.0,0.0,0.0
2006-12-19,98.48,1.52,0.0,0.0,0.0,0.0
2006-12-26,98.48,1.52,0.0,0.0,0.0,0.0
2007-01-02,98.48,1.52,0.0,0.0,0.0,0.0
2007-01-09,98.48,1.52,0.0,0.0,0.0,0.0
2007-01-16,98.48,1.52,0.0,0.0,0.0,0.0
2007-01-23,97.67,2.33,1.03,0.0,0.0,0.0
2007-01-30,97.67,2.33,1.03,0.0,0.0,0.0
2007-02-06,97.67,2.33,1.03,0.0,0.0,0.0
2007-02-13,96.1,3.9,2.03,0.0,0.0,0.0
2007-02-20,95.54,4.46,2.81,0.0,0.0,0.0
2007-02-27,96.32,3.68,2.24,0.0,0.0,0.0
2007-03-06,96.32,3.68,2.24,0.0,0.0,0.0
2007-03-13,96.11,3.89,2.32,0.0,0.0,0.0
2007-03-20,96.11,3.89,2.32,0.0,0.0,0.0
2007-03-27,96.11,3.89,2.32,0.0,0.0,0.0
2007-04-03,96.53,3.47,2.07,0.0,0.0,0.0
2007-04-10,97.41,2.59,1.38,0.0,0.0,0.0
2007-04-17,97.65,2.35,1.46,0.0,0.0,0.0
2007-04-24,98.53,1.47,0.0,0.0,0.0,0.0
2007-05-01,98.53,1.47,0.0,0.0,0.0,0.0
2007-05-08,98.53,1.47,0.0,0.0,0.0,0.0
2007-05-15,98.53,1.47,0.0,0.0,0.0,0.0
2007-05-22,98.53,1.47,0.0,0.0,0.0,0.0
2007-05-29,98.53,1.47,0.0,0.0,0.0,0.0
2007-06-05,96.21,3.79,0.0,0.0,0.0,0.0
2007-06-12,96.5,3.5,0.0,0.0,0.0,0.0
2007-06-19,83.39,16.61,0.0,0.0,0.0,0.0
2007-06-26,83.28,16.72,0.0,0.0,0.0,0.0
2007-07-03,81.98,18.02,8.25,0.0,0.0,0.0
2007-07-10,82.87,17.13,9.28,0.0,0.0,0.0
2007-07-17,81.5,18.5,11.5,0.0,0.0,0.0
2007-07-24,81.5,18.5,1.7,0.0,0.0,0.0
2007-07-31,79.7,20.3,3.56,0.0,0.0,0.0
2007-08-07,78.69,21.31,8.02,0.0,0.0,0.0
2007-08-14,78.6,21.4,8.14,0.0,0.0,0.0
2007-08-21,78.6,21.4,8.24,0.0,0.0,0.0
2007-08-28,70.01,29.99,5.26,0.0,0.0,0.0
2007-09-04,47.32,52.68,24.67,5.57,0.0,0.0
2007-09-11,53.38,46.62,19.88,5.57,0.0,0.0
2007-09-18,52.87,47.13,19.88,5.57,0.0,0.0
2007-09-25,42.36,57.64,28.89,13.37,0.0,0.0
2007-10-02,54.06,45.94,21.89,6.61,0.0,0.0
2007-10-09,54.18,45.82,23.41,5.48,0.0,0.0
2007-10-16,57.68,42.32,19.29,0.0,0.0,0.0
2007-10-23,64.6,35.4,11.05,0.0,0.0,0.0
2007-10-30,81.68,18.32,5.44,0.0,0.0,0.0
2007-11-06,82.2,17.8,0.01,0.0,0.0,0.0
2007-11-13,82.2,17.8,0.01,0.0,0.0,0.0
2007-11-20,83.3,16.7,0.01,0.0,0.0,0.0
2007-11-27,94.33,5.67,0.01,0.0,0.0,0.0
2007-12-04,94.33,5.67,0.01,0.0,0.0,0.0
2007-12-11,99.89,0.11,0.01,0.0,0.0,0.0
2007-12-18,99.89,0.11,0.0,0.0,0.0,0.0
2007-12-25,99.89,0.11,0.0,0.0,0.0,0.0
2008-01-01,99.89,0.11,0.0,0.0,0.0,0.0
2008-01-08,99.1,0.9,0.0,0.0,0.0,0.0
2008-01-15,99.11,0.89,0.0,0.0,0.0,0.0
2008-01-22,99.84,0.16,0.0,0.0,0.0,0.0
2008-01-29,99.84,0.16,0.0,0.0,0.0,0.0
2008-02-05,99.84,0.16,0.0,0.0,0.0,0.0
2008-02-12,99.84,0.16,0.0,0.0,0.0,0.0
2008-02-19,100.0,0.0,0.0,0.0,0.0,0.0
2008-02-26,100.0,0.0,0.0,0.0,0.0,0.0
2008-03-04,100.0,0.0,0.0,0.0,0.0,0.0
2008-03-11,100.0,0.0,0.0,0.0,0.0,0.0
2008-03-18,100.0,0.0,0.0,0.0,0.0,0.0
2008-03-25,94.65,5.35,0.0,0.0,0.0,0.0
2008-04-01,94.65,5.35,0.0,0.0,0.0,0.0
2008-04-08,95.52,4.48,0.0,0.0,0.0,0.0
2008-04-15,95.52,4.48,0.0,0.0,0.0,0.0
2008-04-22,95.56,4.44,0.0,0.0,0.0,0.0
2008-04-29,96.44,3.56,0.0,0.0,0.0,0.0
2008-05-06,97.39,2.61,0.0,0.0,0.0,0.0
2008-05-13,97.39,2.61,0.0,0.0,0.0,0.0
2008-05-20,97.76,2.24,0.0,0.0,0.0,0.0
2008-05-27,97.76,2.24,0.0,0.0,0.0,0.0
2008-06-03,97.76,2.24,0.0,0.0,0.0,0.0
2008-06-10,54.5,45.5,0.0,0.0,0.0,0.0
2008-06-17,74.52,25.48,0.0,0.0,0.0,0.0
2008-06-24,80.21,19.79,0.0,0.0,0.0,0.0
2008-07-01,85.71,14.29,0.0,0.0,0.0,0.0
2008-07-08,85.43,14.57,0.53,0.0,0.0,0.0
2008-07-15,90.14,9.86,0.53,0.0,0.0,0.0
2008-07-22,77.15,22.85,0.82,0.0,0.0,0.0
2008-07-29,89.76,10.24,0.82,0.0,0.0,0.0
2008-08-05,89.76,10.24,0.82,0.0,0.0,0.0
2008-08-12,92.4,7.6,0.82,0.0,0.0,0.0
2008-08-19,92.58,7.42,0.91,0.0,0.0,0.0
2008-08-26,92.27,7.73,0.91,0.0,0.0,0.0
2008-09-02,85.54,14.46,3.07,0.0,0.0,0.0
2008-09-09,92.5,7.5,0.0,0.0,0.0,0.0
2008-09-16,92.5,7.5,0.0,0.0,0.0,0.0
2008-09-23,92.61,7.39,0.0,0.0,0.0,0.0
2008-09-30,94.17,5.83,0.0,0.0,0.0,0.0
2008-10-07,94.17,5.83,0.0,0.0,0.0,0.0
2008-10-14,91.28,8.72,0.0,0.0,0.0,0.0
2008-10-21,92.33,7.67,0.0,0.0,0.0,0.0
2008-10-28,95.89,4.11,0.0,0.0,0.0,0.0
2008-11-04,95.89,4.11,0.0,0.0,0.0,0.0
2008-11-11,94.59,5.41,0.0,0.0,0.0,0.0
2008-11-18,95.71,4.29,0.0,0.0,0.0,0.0
2008-11-25,96.97,3.03,0.0,0.0,0.0,0.0
2008-12-02,99.97,0.03,0.0,0.0,0.0,0.0
2008-12-09,99.97,0.03,0.0,0.0,0.0,0.0
2008-12-16,99.97,0.03,0.0,0.0,0.0,0.0
2008-12-23,99.97,0.03,0.0,0.0,0.0,0.0
2008-12-30,99.97,0.03,0.0,0.0,0.0,0.0
2009-01-06,99.97,0.03,0.0,0.0,0.0,0.0
2009-01-13,99.96,0.04,0.0,0.0,0.0,0.0
2009-01-20,99.38,0.62,0.0,0.0,0.0,0.0
2009-01-27,99.38,0.62,0.0,0.0,0.0,0.0
2009-02-03,99.38,0.62,0.0,0.0,0.0,0.0
2009-02-10,99.38,0.62,0.0,0.0,0.0,0.0
2009-02-17,99.72,0.28,0.0,0.0,0.0,0.0
2009-02-24,99.72,0.28,0.0,0.0,0.0,0.0
2009-03-03,98.83,1.17,0.0,0.0,0.0,0.0
2009-03-10,100.0,0.0,0.0,0.0,0.0,0.0
2009-03-17,100.0,0.0,0.0,0.0,0.0,0.0
2009-03-24,81.87,18.13,0.0,0.0,0.0,0.0
2009-03-31,81.87,18.13,0.0,0.0,0.0,0.0
2009-04-07,80.51,19.49,0.0,0.0,0.0,0.0
2009-04-14,80.83,19.17,0.0,0.0,0.0,0.0
2009-04-21,80.83,19.17,0.0,0.0,0.0,0.0
2009-04-28,61.46,38.54,0.0,0.0,0.0,0.0
2009-05-05,68.65,31.35,0.0,0.0,0.0,0.0
2009-05-12,74.7,25.3,0.0,0.0,0.0,0.0
2009-05-19,92.48,7.52,0.0,0.0,0.0,0.0
2009-05-26,82.58,17.42,0.0,0.0,0.0,0.0
2009-06-02,94.48,5.52,0.0,0.0,0.0,0.0
2009-06-09,94.48,5.52,0.0,0.0,0.0,0.0
2009-06-16,98.17,1.83,0.0,0.0,0.0,0.0
2009-06-23,100.0,0.0,0.0,0.0,0.0,0.0
2009-06-30,100.0,0.0,0.0,0.0,0.0,0.0
2009-07-07,100.0,0.0,0.0,0.0,0.0,0.0
2009-07-14,100.0,0.0,0.0,0.0,0.0,0.0
2009-07-21,100.0,0.0,0.0,0.0,0.0,0.0
2009-07-28,100.0,0.0,0.0,0.0,0.0,0.0
2009-08-04,100.0,0.0,0.0,0.0,0.0,0.0
2009-08-11,100.0,0.0,0.0,0.0,0.0,0.0
2009-08-18,100.0,0.0,0.0,0.0,0.0,0.0
2009-08-25,100.0,0.0,0.0,0.0,0.0,0.0
2009-09-01,100.0,0.0,0.0,0.0,0.0,0.0
2009-09-08,100.0,0.0,0.0,0.0,0.0,0.0
2009-09-15,100.0,0.0,0.0,0.0,0.0,0.0
2009-09-22,100.0,0.0,0.0,0.0,0.0,0.0
2009-09-29,100.0,0.0,0.0,0.0,0.0,0.0
2009-10-06,100.0,0.0,0.0,0.0,0.0,0.0
2009-10-13,100.0,0.0,0.0,0.0,0.0,0.0
2009-10-20,100.0,0.0,0.0,0.0,0.0,0.0
2009-10-27,95.71,4.29,0.0,0.0,0.0,0.0
2009-11-03,100.0,0.0,0.0,0.0,0.0,0.0
2009-11-10,97.18,2.82,0.0,0.0,0.0,0.0
2009-11-17,100.0,0.0,0.0,0.0,0.0,0.0
2009-11-24,100.0,0.0,0.0,0.0,0.0,0.0
2009-12-01,100.0,0.0,0.0,0.0,0.0,0.0
2009-12-08,100.0,0.0,0.0,0.0,0.0,0.0
2009-12-15,100.0,0.0,0.0,0.0,0.0,0.0
2009-12-22,99.38,0.62,0.0,0.0,0.0,0.0
2009-12-29,99.5,0.5,0.0,0.0,0.0,0.0
2010-01-05,99.5,0.5,0.0,0.0,0.0,0.0
2010-01-12,100.0,0.0,0.0,0.0,0.0,0.0
2010-01-19,100.0,0.0,0.0,0.0,0.0,0.0
2010-01-26,100.0,0.0,0.0,0.0,0.0,0.0
2010-02-02,100.0,0.0,0.0,0.0,0.0,0.0
2010-02-09,100.0,0.0,0.0,0.0,0.0,0.0
2010-02-16,100.0,0.0,0.0,0.0,0.0,0.0
2010-02-23,100.0,0.0,0.0,0.0,0.0,0.0
2010-03-02,100.0,0.0,0.0,0.0,0.0,0.0
2010-03-09,100.0,0.0,0.0,0.0,0.0,0.0
2010-03-16,100.0,0.0,0.0,0.0,0.0,0.0
2010-03-23,100.0,0.0,0.0,0.0,0.0,0.0
2010-03-30,100.0,0.0,0.0,0.0,0.0,0.0
2010-04-06,79.11,20.89,0.0,0.0,0.0,0.0
2010-04-13,71.65,28.35,0.0,0.0,0.0,0.0
2010-04-20,68.28,31.72,0.24,0.0,0.0,0.0
2010-04-27,68.28,31.72,6.18,0.0,0.0,0.0
2010-05-04,68.28,31.72,6.18,0.0,0.0,0.0
2010-05-11,87.74,12.26,0.24,0.0,0.0,0.0
2010-05-18,92.43,7.57,0.0,0.0,0.0,0.0
2010-05-25,82.45,17.55,0.0,0.0,0.0,0.0
2010-06-01,40.08,59.92,5.33,0.0,0.0,0.0
2010-06-08,70.52,29.48,0.0,0.0,0.0,0.0
2010-06-15,85.4,14.6,0.0,0.0,0.0,0.0
2010-06-22,88.27,11.73,0.0,0.0,0.0,0.0
2010-06-29,72.88,27.12,0.0,0.0,0.0,0.0
2010-07-06,76.65,23.35,0.0,0.0,0.0,0.0
2010-07-13,75.47,24.53,10.49,0.0,0.0,0.0
2010-07-20,71.09,28.91,6.93,0.0,0.0,0.0
2010-07-27,79.08,20.92,5.95,0.0,0.0,0.0
2010-08-03,76.98,23.02,5.95,0.0,0.0,0.0
2010-08-10,76.19,23.81,5.95,0.0,0.0,0.0
2010-08-17,54.64,45.36,9.8,0.0,0.0,0.0
2010-08-24,84.86,15.14,5.39,0.0,0.0,0.0
2010-08-31,84.86,15.14,5.39,0.0,0.0,0.0
2010-09-07,83.77,16.23,10.09,3.52,0.0,0.0
2010-09-14,67.99,32.01,13.6,3.52,0.0,0.0
2010-09-21,67.46,32.54,14.92,3.52,0.0,0.0
2010-09-28,67.46,32.54,14.92,3.52,0.0,0.0
2010-10-05,86.18,13.82,3.64,0.0,0.0,0.0
2010-10-12,86.17,13.83,3.64,0.0,0.0,0.0
2010-10-19,93.74,6.26,2.37,0.0,0.0,0.0
2010-10-26,97.65,2.35,0.0,0.0,0.0,0.0
2010-11-02,97.65,2.35,0.0,0.0,0.0,0.0
2010-11-09,97.65,2.35,0.0,0.0,0.0,0.0
2010-11-16,97.65,2.35,0.0,0.0,0.0,0.0
2010-11-23,95.62,4.38,0.0,0.0,0.0,0.0
2010-11-30,95.62,4.38,0.0,0.0,0.0,0.0
2010-12-07,97.66,2.34,0.0,0.0,0.0,0.0
2010-12-14,100.0,0.0,0.0,0.0,0.0,0.0
2010-12-21,100.0,0.0,0.0,0.0,0.0,0.0
2010-12-28,100.0,0.0,0.0,0.0,0.0,0.0
2011-01-04,100.0,0.0,0.0,0.0,0.0,0.0
2011-01-11,100.0,0.0,0.0,0.0,0.0,0.0
2011-01-18,100.0,0.0,0.0,0.0,0.0,0.0
2011-01-25,88.31,11.69,0.0,0.0,0.0,0.0
2011-02-01,88.31,11.69,0.0,0.0,0.0,0.0
2011-02-08,88.31,11.69,0.0,0.0,0.0,0.0
2011-02-15,86.9,13.1,0.0,0.0,0.0,0.0
2011-02-22,86.9,13.1,0.0,0.0,0.0,0.0
2011-03-01,86.9,13.1,0.0,0.0,0.0,0.0
2011-03-08,100.0,0.0,0.0,0.0,0.0,0.0
2011-03-15,98.91,1.09,0.0,0.0,0.0,0.0
2011-03-22,98.32,1.68,0.0,0.0,0.0,0.0
2011-03-29,98.31,1.69,0.0,0.0,0.0,0.0
2011-04-05,98.31,1.69,0.0,0.0,0.0,0.0
2011-04-12,98.33,1.67,0.0,0.0,0.0,0.0
2011-04-19,98.33,1.67,0.0,0.0,0.0,0.0
2011-04-26,98.33,1.67,0.0,0.0,0.0,0.0
2011-05-03,100.0,0.0,0.0,0.0,0.0,0.0
2011-05-10,100.0,0.0,0.0,0.0,0.0,0.0
2011-05-17,100.0,0.0,0.0,0.0,0.0,0.0
2011-05-24,100.0,0.0,0.0,0.0,0.0,0.0
2011-05-31,100.0,0.0,0.0,0.0,0.0,0.0
2011-06-07,97.98,2.02,0.0,0.0,0.0,0.0
2011-06-14,97.98,2.02,0.0,0.0,0.0,0.0
2011-06-21,97.96,2.04,0.0,0.0,0.0,0.0
2011-06-28,96.28,3.72,0.0,0.0,0.0,0.0
2011-07-05,95.76,4.24,0.0,0.0,0.0,0.0
2011-07-12,99.97,0.03,0.0,0.0,0.0,0.0
2011-07-19,83.82,16.18,0.0,0.0,0.0,0.0
2011-07-26,70.22,29.78,0.0,0.0,0.0,0.0
2011-08-02,64.43,35.57,25.35,0.0,0.0,0.0
2011-08-09,64.34,35.66,25.35,0.0,0.0,0.0
2011-08-16,65.77,34.23,11.51,0.0,0.0,0.0
2011-08-23,69.14,30.86,7.97,0.0,0.0,0.0
2011-08-30,83.82,16.18,0.0,0.0,0.0,0.0
2011-09-06,88.02,11.98,0.0,0.0,0.0,0.0
2011-09-13,92.98,7.02,0.0,0.0,0.0,0.0
2011-09-20,92.98,7.02,0.0,0.0,0.0,0.0
2011-09-27,92.98,7.02,0.0,0.0,0.0,0.0
2011-10-04,96.9,3.1,0.0,0.0,0.0,0.0
2011-10-11,96.9,3.1,0.0,0.0,0.0,0.0
2011-10-18,100.0,0.0,0.0,0.0,0.0,0.0
2011-10-25,100.0,0.0,0.0,0.0,0.0,0.0
2011-11-01,100.0,0.0,0.0,0.0,0.0,0.0
2011-11-08,100.0,0.0,0.0,0.0,0.0,0.0
2011-11-15,100.0,0.0,0.0,0.0,0.0,0.0
2011-11-22,100.0,0.0,0.0,0.0,0.0,0.0
2011-11-29,100.0,0.0,0.0,0.0,0.0,0.0
2011-12-06,100.0,0.0,0.0,0.0,0.0,0.0
2011-12-13,100.0,0.0,0.0,0.0,0.0,0.0
2011-12-20,95.39,4.61,0.0,0.0,0.0,0.0
2011-12-27,95.39,4.61,0.0,0.0,0.0,0.0
2012-01-03,95.8,4.2,0.0,0.0,0.0,0.0
2012-01-10,95.8,4.2,0.0,0.0,0.0,0.0
2012-01-17,87.95,12.05,0.0,0.0,0.0,0.0
2012-01-24,87.95,12.05,0.0,0.0,0.0,0.0
2012-01-31,91.92,8.08,0.0,0.0,0.0,0.0
2012-02-07,91.92,8.08,0.0,0.0,0.0,0.0
2012-02-14,87.78,12.22,0.0,0.0,0.0,0.0
2012-02-21,87.78,12.22,0.0,0.0,0.0,0.0
2012-02-28,87.78,12.22,0.0,0.0,0.0,0.0
2012-03-06,87.78,12.22,0.0,0.0,0.0,0.0
2012-03-13,87.17,12.83,0.0,0.0,0.0,0.0
2012-03-20,65.38,34.62,0.01,0.0,0.0,0.0
2012-03-27,63.52,36.48,0.01,0.0,0.0,0.0
2012-04-03,54.41,45.59,3.97,0.0,0.0,0.0
2012-04-10,49.47,50.53,20.92,2.95,0.0,0.0
2012-04-17,49.44,50.56,20.92,2.95,0.0,0.0
2012-04-24,52.36,47.64,20.9,1.08,0.0,0.0
2012-05-01,52.36,47.64,20.9,1.08,0.0,0.0
2012-05-08,57.71,42.29,20.9,1.08,0.0,0.0
2012-05-15,77.82,22.18,14.5,0.0,0.0,0.0
2012-05-22,79.0,21.0,1.19,0.0,0.0,0.0
2012-05-29,69.49,30.51,1.0,0.0,0.0,0.0
2012-06-05,89.81,10.19,0.69,0.0,0.0,0.0
2012-06-12,89.81,10.19,0.69,0.0,0.0,0.0
2012-06-19,94.29,5.71,0.0,0.0,0.0,0.0
2012-06-26,85.29,14.71,0.0,0.0,0.0,0.0
2012-07-03,83.3,16.7,0.0,0.0,0.0,0.0
2012-07-10,47.93,52.07,2.61,0.0,0.0,0.0
2012-07-17,14.94,85.06,27.07,0.0,0.0,0.0
2012-07-24,15.58,84.42,27.07,0.0,0.0,0.0
2012-07-31,22.39,77.61,27.07,0.0,0.0,0.0
2012-08-07,22.39,77.61,27.07,0.0,0.0,0.0
2012-08-14,27.89,72.11,27.07,0.0,0.0,0.0
2012-08-21,28.26,71.74,27.07,0.0,0.0,0.0
2012-08-28,30.68,69.32,25.73,0.0,0.0,0.0
2012-09-04,36.32,63.68,24.06,0.0,0.0,0.0
2012-09-11,47.51,52.49,19.19,0.0,0.0,0.0
2012-09-18,47.44,52.56,19.19,0.0,0.0,0.0
2012-09-25,57.47,42.53,14.89,0.0,0.0,0.0
2012-10-02,58.36,41.64,13.11,0.0,0.0,0.0
2012-10-09,59.02,40.98,11.87,0.0,0.0,0.0
2012-10-16,61.35,38.65,9.75,0.0,0.0,0.0
2012-10-23,72.94,27.06,7.8,0.0,0.0,0.0
2012-10-30,83.32,16.68,0.0,0.0,0.0,0.0
2012-11-06,83.62,16.38,0.0,0.0,0.0,0.0
2012-11-13,83.62,16.38,0.0,0.0,0.0,0.0
2012-11-20,73.14,26.86,0.0,0.0,0.0,0.0
2012-11-27,73.14,26.86,0.0,0.0,0.0,0.0
2012-12-04,73.14,26.86,0.0,0.0,0.0,0.0
2012-12-11,73.14,26.86,0.0,0.0,0.0,0.0
2012-12-18,73.14,26.86,0.0,0.0,0.0,0.0
2012-12-25,76.82,23.18,0.0,0.0,0.0,0.0
2013-01-01,90.09,9.91,0.0,0.0,0.0,0.0
2013-01-08,90.09,9.91,0.0,0.0,0.0,0.0
2013-01-15,90.09,9.91,0.0,0.0,0.0,0.0
2013-01-22,90.09,9.91,0.0,0.0,0.0,0.0
2013-01-29,90.09,9.91,0.0,0.0,0.0,0.0
2013-02-05,90.09,9.91,0.0,0.0,0.0,0.0
2013-02-12,87.66,12.34,0.0,0.0,0.0,0.0
2013-02-19,87.66,12.34,0.0,0.0,0.0,0.0
2013-02-26,87.66,12.34,0.0,0.0,0.0,0.0
2013-03-05,86.33,13.67,0.0,0.0,0.0,0.0
2013-03-12,86.33,13.67,0.0,0.0,0.0,0.0
2013-03-19,85.22,14.78,0.0,0.0,0.0,0.0
2013-03-26,85.22,14.78,0.0,0.0,0.0,0.0
2013-04-02,78.2,21.8,0.0,0.0,0.0,0.0
2013-04-09,72.25,27.75,0.0,0.0,0.0,0.0
2013-04-16,86.03,13.97,0.0,0.0,0.0,0.0
2013-04-23,84.47,15.53,0.0,0.0,0.0,0.0
2013-04-30,80.96,19.04,0.0,0.0,0.0,0.0
2013-05-07,71.48,28.52,2.96,0.0,0.0,0.0
2013-05-14,75.24,24.76,0.55,0.0,0.0,0.0
2013-05-21,61.38,38.62,0.55,0.0,0.0,0.0
2013-05-28,86.48,13.52,0.01,0.0,0.0,0.0
2013-06-04,86.59,13.41,0.01,0.0,0.0,0.0
2013-06-11,94.58,5.42,0.0,0.0,0.0,0.0
2013-06-18,99.46,0.54,0.0,0.0,0.0,0.0
2013-06-25,99.46,0.54,0.0,0.0,0.0,0.0
2013-07-02,100.0,0.0,0.0,0.0,0.0,0.0
2013-07-09,100.0,0.0,0.0,0.0,0.0,0.0
2013-07-16,100.0,0.0,0.0,0.0,0.0,0.0
2013-07-23,100.0,0.0,0.0,0.0,0.0,0.0
2013-07-30,100.0,0.0,0.0,0.0,0.0,0.0
2013-08-06,100.0,0.0,0.0,0.0,0.0,0.0
2013-08-13,100.0,0.0,0.0,0.0,0.0,0.0
2013-08-20,100.0,0.0,0.0,0.0,0.0,0.0
2013-08-27,100.0,0.0,0.0,0.0,0.0,0.0
2013-09-03,100.0,0.0,0.0,0.0,0.0,0.0
2013-09-10,97.06,2.94,0.0,0.0,0.0,0.0
2013-09-17,96.94,3.06,0.0,0.0,0.0,0.0
2013-09-24,96.94,3.06,0.0,0.0,0.0,0.0
2013-10-01,79.35,20.65,0.0,0.0,0.0,0.0
2013-10-08,79.35,20.65,0.0,0.0,0.0,0.0
2013-10-15,71.64,28.36,0.0,0.0,0.0,0.0
2013-10-22,67.94,32.06,1.69,0.0,0.0,0.0
2013-10-29,63.68,36.32,3.1,0.0,0.0,0.0
2013-11-05,67.63,32.37,3.1,0.0,0.0,0.0
2013-11-12,66.0,34.0,7.35,0.0,0.0,0.0
2013-11-19,63.22,36.78,7.46,0.0,0.0,0.0
2013-11-26,61.31,38.69,7.46,0.0,0.0,0.0
2013-12-03,66.62,33.38,7.22,0.0,0.0,0.0
2013-12-10,66.62,33.38,7.22,0.0,0.0,0.0
2013-12-17,64.64,35.36,7.22,0.0,0.0,0.0
2013-12-24,65.14,34.86,7.22,0.0,0.0,0.0
2013-12-31,65.14,34.86,7.04,0.0,0.0,0.0
2014-01-07,73.95,26.05,3.88,0.0,0.0,0.0
2014-01-14,90.37,9.63,1.97,0.0,0.0,0.0
2014-01-21,92.12,7.88,0.0,0.0,0.0,0.0
2014-01-28,92.12,7.88,0.0,0.0,0.0,0.0
2014-02-04,92.12,7.88,0.0,0.0,0.0,0.0
2014-02-11,93.17,6.83,0.0,0.0,0.0,0.0
2014-02-18,95.38,4.62,0.0,0.0,0.0,0.0
2014-02-25,95.95,4.05,0.0,0.0,0.0,0.0
2014-03-04,95.95,4.05,0.0,0.0,0.0,0.0
2014-03-11,95.19,4.81,0.0,0.0,0.0,0.0
2014-03-18,94.71,5.29,0.0,0.0,0.0,0.0
2014-03-25,94.71,5.29,0.0,0.0,0.0,0.0
2014-04-01,97.4,2.6,0.0,0.0,0.0,0.0
2014-04-08,97.4,2.6,0.0,0.0,0.0,0.0
2014-04-15,97.4,2.6,0.0,0.0,0.0,0.0
2014-04-22,97.4,2.6,0.0,0.0,0.0,0.0
2014-04-29,97.21,2.79,0.0,0.0,0.0,0.0
2014-05-06,97.21,2.79,0.0,0.0,0.0,0.0
2014-05-13,97.71,2.29,0.0,0.0,0.0,0.0
2014-05-20,97.71,2.29,0.0,0.0,0.0,0.0
2014-05-27,97.71,2.29,0.0,0.0,0.0,0.0
2014-06-03,98.56,1.44,0.0,0.0,0.0,0.0
2014-06-10,98.23,1.77,0.0,0.0,0.0,0.0
2014-06-17,98.23,1.77,0.0,0.0,0.0,0.0
2014-06-24,97.66,2.34,0.0,0.0,0.0,0.0
2014-07-01,97.65,2.35,0.0,0.0,0.0,0.0
2014-07-08,97.26,2.74,0.47,0.0,0.0,0.0
2014-07-15,95.73,4.27,0.47,0.0,0.0,0.0
2014-07-22,95.73,4.27,0.6,0.0,0.0,0.0
2014-07-29,94.83,5.17,1.02,0.0,0.0,0.0
2014-08-05,96.4,3.6,0.44,0.0,0.0,0.0
2014-08-12,96.4,3.6,0.44,0.0,0.0,0.0
2014-08-19,97.18,2.82,0.44,0.0,0.0,0.0
2014-08-26,92.4,7.6,0.22,0.0,0.0,0.0
2014-09-02,92.4,7.6,0.22,0.0,0.0,0.0
2014-09-09,83.63,16.37,0.22,0.0,0.0,0.0
2014-09-16,82.53,17.47,0.22,0.0,0.0,0.0
2014-09-23,77.02,22.98,0.23,0.0,0.0,0.0
2014-09-30,75.53,24.47,3.64,0.0,0.0,0.0
2014-10-07,75.53,24.47,3.64,0.0,0.0,0.0
2014-10-14,68.55,31.45,4.28,0.0,0.0,0.0
2014-10-21,71.86,28.14,4.28,0.0,0.0,0.0
2014-10-28,74.71,25.29,3.53,0.0,0.0,0.0
2014-11-04,72.55,27.45,3.53,0.0,0.0,0.0
2014-11-11,73.16,26.84,3.38,0.0,0.0,0.0
2014-11-18,71.43,28.57,3.38,0.0,0.0,0.0
2014-11-25,71.43,28.57,3.38,0.0,0.0,0.0
2014-12-02,76.47,23.53,3.46,0.0,0.0,0.0
2014-12-09,70.97,29.03,2.83,0.0,0.0,0.0
2014-12-16,83.47,16.53,0.0,0.0,0.0,0.0
2014-12-23,83.47,16.53,0.0,0.0,0.0,0.0
2014-12-30,83.86,16.14,0.0,0.0,0.0,0.0
2015-01-06,90.41,9.59,0.0,0.0,0.0,0.0
2015-01-13,90.41,9.59,0.0,0.0,0.0,0.0
2015-01-20,90.0,10.0,0.0,0.0,0.0,0.0
2015-01-27,83.43,16.57,0.0,0.0,0.0,0.0
2015-02-03,83.43,16.57,0.0,0.0,0.0,0.0
2015-02-10,83.43,16.57,0.0,0.0,0.0,0.0
2015-02-17,84.4,15.6,0.0,0.0,0.0,0.0
2015-02-24,84.1,15.9,0.0,0.0,0.0,0.0
2015-03-03,86.04,13.96,0.0,0.0,0.0,0.0
2015-03-10,86.04,13.96,0.0,0.0,0.0,0.0
2015-03-17,79.77,20.23,0.0,0.0,0.0,0.0
2015-03-24,59.1,40.9,0.0,0.0,0.0,0.0
2015-03-31,41.55,58.45,0.0,0.0,0.0,0.0
2015-04-07,41.55,58.45,0.0,0.0,0.0,0.0
2015-04-14,41.55,58.45,0.0,0.0,0.0,0.0
2015-04-21,43.97,56.03,0.0,0.0,0.0,0.0
2015-04-28,44.0,56.0,0.0,0.0,0.0,0.0
2015-05-05,33.84,66.16,0.39,0.0,0.0,0.0
2015-05-12,30.15,69.85,0.99,0.0,0.0,0.0
2015-05-19,23.84,76.16,30.31,0.0,0.0,0.0
2015-05-26,20.31,79.69,32.92,0.0,0.0,0.0
2015-06-02,36.09,63.91,15.25,0.17,0.0,0.0
2015-06-09,37.93,62.07,15.25,0.17,0.0,0.0
2015-06-16,49.87,50.13,15.54,0.37,0.0,0.0
2015-06-23,63.55,36.45,9.76,0.37,0.0,0.0
2015-06-30,71.75,28.25,8.36,0.85,0.0,0.0
2015-07-07,70.71,29.29,8.66,1.09,0.05,0.0
2015-07-14,87.23,12.77,4.63,1.19,0.05,0.0
2015-07-21,87.23,12.77,4.63,1.19,0.15,0.0
2015-07-28,86.89,13.11,4.89,2.2,0.72,0.0
2015-08-04,89.64,10.36,5.57,2.59,1.17,0.0
2015-08-11,70.89,29.11,5.73,2.59,1.44,0.0
2015-08-18,70.88,29.12,5.73,2.59,1.44,0.0
2015-08-25,71.23,28.77,5.27,2.59,1.44,0.0
2015-09-01,64.58,35.42,7.48,2.59,1.44,0.0
2015-09-08,33.45,66.55,9.53,2.59,1.04,0.0
2015-09-15,34.97,65.03,9.0,2.59,1.04,0.0
2015-09-22,33.56,66.44,8.85,2.21,0.85,0.0
2015-09-29,33.33,66.67,12.31,2.21,0.85,0.0
2015-10-06,64.84,35.16,8.99,2.21,0.85,0.0
2015-10-13,66.91,33.09,8.99,2.21,0.85,0.0
2015-10-20,66.08,33.92,8.99,2.08,0.85,0.0
2015-10-27,66.54,33.46,8.89,1.47,0.37,0.0
2015-11-03,69.37,30.63,8.76,1.47,0.37,0.0
2015-11-10,69.37,30.63,8.76,1.24,0.31,0.0
2015-11-17,67.73,32.27,8.76,1.24,0.31,0.0
2015-11-24,67.73,32.27,8.76,1.24,0.31,0.0
2015-12-01,66.83,33.17,8.76,0.93,0.31,0.0
2015-12-08,66.83,33.17,8.64,0.82,0.28,0.0
2015-12-15,51.99,48.01,8.64,0.82,0.28,0.0
2015-12-22,50.75,49.25,10.41,0.82,0.28,0.0
2015-12-29,50.75,49.25,9.05,0.82,0.28,0.0
2016-01-05,51.95,48.05,9.05,0.82,0.28,0.0
2016-01-12,60.06,39.94,8.1,0.82,0.28,0.0
2016-01-19,60.06,39.94,8.1,0.82,0.28,0.0
2016-01-26,63.7,36.3,4.06,0.82,0.28,0.0
2016-02-02,61.91,38.09,4.06,0.82,0.28,0.0
2016-02-09,61.89,38.11,4.06,0.82,0.28,0.0
2016-02-16,61.89,38.11,4.06,0.82,0.28,0.0
2016-02-23,84.45,15.55,1.12,0.28,0.0,0.0
2016-03-01,97.49,2.51,1.08,0.28,0.0,0.0
2016-03-08,97.49,2.51,1.08,0.28,0.0,0.0
2016-03-15,97.49,2.51,1.08,0.28,0.0,0.0
2016-03-22,97.62,2.38,1.08,0.28,0.0,0.0
2016-03-29,96.41,3.59,1.08,0.28,0.0,0.0
2016-04-05,96.45,3.55,1.03,0.28,0.0,0.0
2016-04-12,94.85,5.15,1.03,0.28,0.0,0.0
2016-04-19,84.18,15.82,1.03,0.28,0.0,0.0
2016-04-26,71.26,28.74,1.03,0.28,0.0,0.0
2016-05-03,71.85,28.15,0.28,0.0,0.0,0.0
2016-05-10,66.12,33.88,0.28,0.0,0.0,0.0
2016-05-17,62.39,37.61,0.28,0.0,0.0,0.0
2016-05-24,47.07,52.93,0.28,0.0,0.0,0.0
2016-05-31,52.1,47.9,0.28,0.0,0.0,0.0
2016-06-07,40.55,59.45,0.28,0.0,0.0,0.0
2016-06-14,40.09,59.91,6.08,0.0,0.0,0.0
2016-06-21,19.38,80.62,9.27,0.0,0.0,0.0
2016-06-28,14.95,85.05,18.55,0.0,0.0,0.0
2016-07-05,13.42,86.58,38.9,0.0,0.0,0.0
2016-07-12,17.31,82.69,41.38,9.27,0.0,0.0
2016-07-19,17.31,82.69,43.46,18.74,0.0,0.0
2016-07-26,17.31,82.69,44.71,21.84,0.0,0.0
2016-08-02,21.85,78.15,39.86,19.71,0.0,0.0
2016-08-09,20.06,79.94,41.13,24.02,0.0,0.0
2016-08-16,23.44,76.56,38.66,22.65,4.91,0.0
2016-08-23,24.91,75.09,38.16,22.14,4.91,0.0
2016-08-30,18.77,81.23,44.99,23.69,4.06,0.0
2016-09-06,18.77,81.23,44.89,23.69,8.1,0.0
2016-09-13,16.47,83.53,60.83,22.08,8.1,0.0
2016-09-20,19.29,80.71,59.49,22.08,8.1,0.0
2016-09-27,14.51,85.49,59.49,22.08,8.1,0.0
2016-10-04,16.61,83.39,61.95,28.37,4.48,0.0
2016-10-11,16.52,83.48,67.73,29.42,4.48,0.0
2016-10-18,12.31,87.69,76.35,34.56,4.48,0.0
2016-10-25,12.66,87.34,76.49,32.4,0.0,0.0
2016-11-01,13.69,86.31,75.3,31.6,0.0,0.0
2016-11-08,11.92,88.08,73.44,23.98,0.0,0.0
2016-11-15,9.61,90.39,74.86,25.0,3.36,0.0
2016-11-22,9.94,90.06,63.71,21.44,1.52,0.0
2016-11-29,11.48,88.52,61.43,16.14,1.52,0.0
2016-12-06,9.76,90.24,62.28,15.58,1.52,0.0
2016-12-13,12.78,87.22,61.25,14.09,1.52,0.0
2016-12-20,19.1,80.9,41.97,12.75,1.39,0.0
2016-12-27,20.49,79.51,41.97,12.75,1.39,0.0
2017-01-03,20.49,79.51,41.97,12.75,0.14,0.0
2017-01-10,22.51,77.49,41.61,12.54,0.14,0.0
2017-01-17,29.12,70.88,40.33,11.31,0.14,0.0
2017-01-24,32.91,67.09,35.74,7.51,0.14,0.0
2017-01-31,32.91,67.09,25.86,7.46,0.02,0.0
2017-02-07,34.54,65.46,25.86,7.46,0.0,0.0
2017-02-14,46.59,53.41,21.53,3.2,0.0,0.0
2017-02-21,46.59,53.41,22.77,3.2,0.0,0.0
2017-02-28,59.24,40.76,18.8,3.2,0.0,0.0
2017-03-07,59.24,40.76,18.8,3.2,0.0,0.0
2017-03-14,64.78,35.22,17.03,3.2,0.0,0.0
2017-03-21,80.44,19.56,6.78,0.0,0.0,0.0
2017-03-28,81.86,18.14,6.78,0.0,0.0,0.0
2017-04-04,85.03,14.97,4.91,0.0,0.0,0.0
2017-04-11,91.3,8.7,0.7,0.0,0.0,0.0
2017-04-18,91.3,8.7,0.69,0.0,0.0,0.0
2017-04-25,95.19,4.81,0.0,0.0,0.0,0.0
2017-05-02,98.48,1.52,0.0,0.0,0.0,0.0
2017-05-09,100.0,0.0,0.0,0.0,0.0,0.0
2017-05-16,100.0,0.0,0.0,0.0,0.0,0.0
2017-05-23,100.0,0.0,0.0,0.0,0.0,0.0
2017-05-30,100.0,0.0,0.0,0.0,0.0,0.0
2017-06-06,100.0,0.0,0.0,0.0,0.0,0.0
2017-06-13,100.0,0.0,0.0,0.0,0.0,0.0
2017-06-20,100.0,0.0,0.0,0.0,0.0,0.0
2017-06-27,100.0,0.0,0.0,0.0,0.0,0.0
2017-07-04,99.75,0.25,0.0,0.0,0.0,0.0
2017-07-11,98.54,1.46,0.0,0.0,0.0,0.0
2017-07-18,97.65,2.35,0.0,0.0,0.0,0.0
2017-07-25,97.65,2.35,0.0,0.0,0.0,0.0
2017-08-01,97.41,2.59,0.37,0.0,0.0,0.0
2017-08-08,97.36,2.64,0.37,0.0,0.0,0.0
2017-08-15,96.89,3.11,0.79,0.0,0.0,0.0
2017-08-22,96.89,3.11,0.79,0.0,0.0,0.0
2017-08-29,97.45,2.55,0.29,0.0,0.0,0.0
2017-09-05,98.16,1.84,0.0,0.0,0.0,0.0
2017-09-12,98.5,1.5,0.0,0.0,0.0,0.0
2017-09-19,98.5,1.5,0.0,0.0,0.0,0.0
2017-09-26,88.39,11.61,0.0,0.0,0.0,0.0
2017-10-03,69.26,30.74,0.0,0.0,0.0,0.0
2017-10-10,67.92,32.08,0.0,0.0,0.0,0.0
2017-10-17,67.92,32.08,0.0,0.0,0.0,0.0
2017-10-24,44.44,55.56,0.25,0.0,0.0,0.0
2017-10-31,99.94,0.06,0.0,0.0,0.0,0.0
2017-11-07,99.95,0.05,0.0,0.0,0.0,0.0
2017-11-14,99.95,0.05,0.0,0.0,0.0,0.0
2017-11-21,100.0,0.0,0.0,0.0,0.0,0.0
2017-11-28,97.46,2.54,0.0,0.0,0.0,0.0
2017-12-05,85.93,14.07,0.0,0.0,0.0,0.0
2017-12-12,85.84,14.16,0.0,0.0,0.0,0.0
2017-12-19,77.41,22.59,0.0,0.0,0.0,0.0
2017-12-26,79.82,20.18,0.0,0.0,0.0,0.0
2018-01-02,78.62,21.38,0.04,0.0,0.0,0.0
2018-01-09,69.08,30.92,0.04,0.0,0.0,0.0
2018-01-16,69.07,30.93,0.04,0.0,0.0,0.0
2018-01-23,69.07,30.93,0.04,0.0,0.0,0.0
2018-01-30,69.07,30.93,0.04,0.0,0.0,0.0
2018-02-06,72.44,27.56,0.04,0.0,0.0,0.0
2018-02-13,99.94,0.06,0.0,0.0,0.0,0.0
2018-02-20,99.94,0.06,0.0,0.0,0.0,0.0
2018-02-27,100.0,0.0,0.0,0.0,0.0,0.0
2018-03-06,100.0,0.0,0.0,0.0,0.0,0.0
2018-03-13,100.0,0.0,0.0,0.0,0.0,0.0
2018-03-20,100.0,0.0,0.0,0.0,0.0,0.0
2018-03-27,100.0,0.0,0.0,0.0,0.0,0.0
2018-04-03,100.0,0.0,0.0,0.0,0.0,0.0
2018-04-10,100.0,0.0,0.0,0.0,0.0,0.0
2018-04-17,100.0,0.0,0.0,0.0,0.0,0.0
2018-04-24,100.0,0.0,0.0,0.0,0.0,0.0
2018-05-01,100.0,0.0,0.0,0.0,0.0,0.0
2018-05-08,100.0,0.0,0.0,0.0,0.0,0.0
2018-05-15,100.0,0.0,0.0,0.0,0.0,0.0
2018-05-22,100.0,0.0,0.0,0.0,0.0,0.0
2018-05-29,100.0,0.0,0.0,0.0,0.0,0.0
2018-06-05,99.18,0.82,0.0,0.0,0.0,0.0
2018-06-12,99.18,0.82,0.0,0.0,0.0,0.0
2018-06-19,61.81,38.19,0.0,0.0,0.0,0.0
2018-06-26,57.6,42.4,0.05,0.0,0.0,0.0
2018-07-03,50.95,49.05,0.05,0.0,0.0,0.0
2018-07-10,47.2,52.8,7.56,0.0,0.0,0.0
2018-07-17,40.26,59.74,10.43,0.0,0.0,0.0
2018-07-24,39.14,60.86,16.47,0.0,0.0,0.0
2018-07-31,65.58,34.42,16.35,0.0,0.0,0.0
2018-08-07,66.63,33.37,16.33,0.0,0.0,0.0
2018-08-14,65.76,34.24,16.33,0.0,0.0,0.0
2018-08-21,75.64,24.36,12.44,0.0,0.0,0.0
2018-08-28,75.64,24.36,12.44,0.0,0.0,0.0
2018-09-04,77.93,22.07,12.69,2.36,0.0,0.0
2018-09-11,80.95,19.05,8.96,1.71,0.0,0.0
2018-09-18,81.46,18.54,8.96,1.71,0.0,0.0
2018-09-25,71.96,28.04,8.96,1.71,0.0,0.0
2018-10-02,76.43,23.57,7.57,1.46,0.0,0.0
2018-10-09,76.43,23.57,7.57,1.46,0.0,0.0
2018-10-16,80.91,19.09,5.16,0.57,0.0,0.0
2018-10-23,80.91,19.09,5.16,0.57,0.0,0.0
2018-10-30,81.41,18.59,5.16,0.0,0.0,0.0
2018-11-06,86.87,13.13,5.07,0.0,0.0,0.0
2018-11-13,89.98,10.02,0.0,0.0,0.0,0.0
2018-11-20,89.98,10.02,0.0,0.0,0.0,0.0
2018-11-27,91.86,8.14,0.0,0.0,0.0,0.0
2018-12-04,91.85,8.15,0.0,0.0,0.0,0.0
2018-12-11,91.85,8.15,0.0,0.0,0.0,0.0
2018-12-18,90.16,9.84,0.0,0.0,0.0,0.0
2018-12-25,90.16,9.84,0.0,0.0,0.0,0.0
2019-01-01,92.14,7.86,0.35,0.0,0.0,0.0
2019-01-08,95.5,4.5,0.62,0.0,0.0,0.0
2019-01-15,95.64,4.36,0.51,0.0,0.0,0.0
2019-01-22,95.64,4.36,0.51,0.0,0.0,0.0
2019-01-29,95.64,4.36,0.51,0.0,0.0,0.0
2019-02-05,95.64,4.36,0.51,0.0,0.0,0.0
2019-02-12,95.38,4.62,1.26,0.0,0.0,0.0
2019-02-19,95.38,4.62,1.26,0.0,0.0,0.0
2019-02-26,94.91,5.09,1.87,0.0,0.0,0.0
2019-03-05,94.85,5.15,2.46,0.0,0.0,0.0
2019-03-12,94.98,5.02,1.76,0.0,0.0,0.0
2019-03-19,94.98,5.02,1.76,0.0,0.0,0.0
2019-03-26,94.98,5.02,1.76,0.0,0.0,0.0
2019-04-02,96.57,3.43,0.6,0.0,0.0,0.0
2019-04-09,93.29,6.71,0.6,0.0,0.0,0.0
2019-04-16,95.04,4.96,0.6,0.0,0.0,0.0
2019-04-23,97.16,2.84,0.73,0.0,0.0,0.0
2019-04-30,97.45,2.55,0.92,0.0,0.0,0.0
2019-05-07,97.45,2.55,0.92,0.0,0.0,0.0
2019-05-14,97.49,2.51,0.72,0.0,0.0,0.0
2019-05-21,96.95,3.05,0.99,0.0,0.0,0.0
2019-05-28,97.43,2.57,0.89,0.0,0.0,0.0
2019-06-04,97.43,2.57,0.89,0.0,0.0,0.0
2019-06-11,97.43,2.57,0.89,0.0,0.0,0.0
2019-06-18,96.65,3.35,1.86,0.0,0.0,0.0
2019-06-25,96.65,3.35,1.86,0.0,0.0,0.0
2019-07-02,96.54,3.46,1.83,0.33,0.0,0.0
2019-07-09,96.14,3.86,2.01,0.75,0.0,0.0
2019-07-16,96.1,3.9,2.01,0.85,0.0,0.0
2019-07-23,97.17,2.83,1.84,0.84,0.0,0.0
2019-07-30,97.22,2.78,1.36,0.75,0.0,0.0
2019-08-06,93.45,6.55,1.25,0.69,0.0,0.0
2019-08-13,91.44,8.56,1.23,0.82,0.0,0.0
2019-08-20,91.44,8.56,1.23,0.82,0.0,0.0
2019-08-27,79.81,20.19,1.23,0.82,0.0,0.0
2019-09-03,90.61,9.39,1.1,0.76,0.0,0.0
2019-09-10,90.71,9.29,1.09,0.76,0.0,0.0
2019-09-17,84.13,15.87,0.96,0.41,0.0,0.0
2019-09-24,66.86,33.14,1.31,0.41,0.0,0.0
2019-10-01,65.79,34.21,0.8,0.0,0.0,0.0
2019-10-08,75.57,24.43,1.42,0.0,0.0,0.0
2019-10-15,68.25,31.75,5.16,0.0,0.0,0.0
2019-10-22,76.43,23.57,2.75,0.0,0.0,0.0
2019-10-29,85.66,14.34,0.0,0.0,0.0,0.0
2019-11-05,91.33,8.67,0.0,0.0,0.0,0.0
2019-11-12,95.38,4.62,0.0,0.0,0.0,0.0
2019-11-19,95.29,4.71,0.0,0.0,0.0,0.0
2019-11-26,95.67,4.33,0.0,0.0,0.0,0.0
2019-12-03,96.36,3.64,0.9,0.0,0.0,0.0
2019-12-10,97.71,2.29,0.9,0.0,0.0,0.0
2019-12-17,97.92,2.08,0.63,0.0,0.0,0.0
2019-12-24,97.92,2.08,0.63,0.0,0.0,0.0
2019-12-31,97.92,2.08,0.63,0.0,0.0,0.0
2020-01-07,97.92,2.08,0.63,0.0,0.0,0.0
2020-01-14,99.16,0.84,0.0,0.0,0.0,0.0
2020-01-21,99.16,0.84,0.0,0.0,0.0,0.0
2020-01-28,99.64,0.36,0.0,0.0,0.0,0.0
2020-02-04,99.6,0.4,0.0,0.0,0.0,0.0
2020-02-11,99.52,0.48,0.0,0.0,0.0,0.0
2020-02-18,99.43,0.57,0.0,0.0,0.0,0.0
2020-02-25,99.49,0.51,0.0,0.0,0.0,0.0
2020-03-03,99.62,0.38,0.0,0.0,0.0,0.0
2020-03-10,100.0,0.0,0.0,0.0,0.0,0.0
2020-03-17,89.24,10.76,0.0,0.0,0.0,0.0
2020-03-24,94.64,5.36,0.0,0.0,0.0,0.0
2020-03-31,100.0,0.0,0.0,0.0,0.0,0.0
2020-04-07,100.0,0.0,0.0,0.0,0.0,0.0
2020-04-14,100.0,0.0,0.0,0.0,0.0,0.0
2020-04-21,100.0,0.0,0.0,0.0,0.0,0.0
2020-04-28,99.28,0.72,0.0,0.0,0.0,0.0
2020-05-05,98.63,1.37,0.0,0.0,0.0,0.0
2020-05-12,97.89,2.11,0.0,0.0,0.0,0.0
2020-05-19,85.73,14.27,0.53,0.0,0.0,0.0
2020-05-26,85.73,14.27,0.53,0.0,0.0,0.0
2020-06-02,84.79,15.21,0.81,0.0,0.0,0.0
2020-06-09,65.92,34.08,2.83,0.81,0.0,0.0
2020-06-16,68.67,31.33,3.27,1.5,0.0,0.0
2020-06-23,58.94,41.06,7.99,1.5,0.0,0.0
2020-06-30,50.11,49.89,8.11,1.29,0.0,0.0
2020-07-07,7.84,92.16,21.26,4.12,0.0,0.0
2020-07-14,30.55,69.45,18.83,4.2,0.0,0.0
2020-07-21,30.79,69.21,18.69,3.78,0.0,0.0
2020-07-28,30.89,69.11,19.65,3.39,0.0,0.0
2020-08-04,33.82,66.18,18.87,2.39,0.0,0.0
2020-08-11,57.23,42.77,12.85,0.0,0.0,0.0
2020-08-18,56.03,43.97,15.7,0.0,0.0,0.0
2020-08-25,54.61,45.39,14.57,0.0,0.0,0.0
2020-09-01,66.38,33.62,5.56,0.0,0.0,0.0
2020-09-08,66.21,33.79,5.56,0.0,0.0,0.0
2020-09-15,61.06,38.94,8.19,0.0,0.0,0.0
2020-09-22,48.88,51.12,9.29,0.01,0.0,0.0
2020-09-29,32.79,67.21,27.53,0.01,0.0,0.0
2020-10-06,41.77,58.23,32.4,4.0,0.01,0.0
2020-10-13,41.77,58.23,32.4,5.49,0.01,0.0
2020-10-20,40.35,59.65,31.82,4.86,0.0,0.0
2020-10-27,40.78,59.22,29.07,4.38,0.0,0.0
2020-11-03,49.17,50.83,25.95,4.0,0.0,0.0
2020-11-10,49.59,50.41,25.95,4.0,0.0,0.0
2020-11-17,49.7,50.3,25.95,0.36,0.0,0.0
2020-11-24,49.38,50.62,25.95,0.0,0.0,0.0
2020-12-01,49.38,50.62,21.2,0.0,0.0,0.0
2020-12-08,46.69,53.31,20.61,0.0,0.0,0.0
2020-12-15,50.96,49.04,25.42,0.0,0.0,0.0
2020-12-22,50.67,49.33,25.61,0.0,0.0,0.0
2020-12-29,66.03,33.97,5.06,0.0,0.0,0.0
2021-01-05,64.17,35.83,5.06,0.0,0.0,0.0
2021-01-12,63.75,36.25,5.81,0.0,0.0,0.0
2021-01-19,63.75,36.25,5.81,0.0,0.0,0.0
2021-01-26,64.64,35.36,6.05,0.0,0.0,0.0
2021-02-02,65.31,34.69,6.05,0.0,0.0,0.0
2021-02-09,66.29,33.71,3.71,0.0,0.0,0.0
2021-02-16,66.29,33.71,3.69,0.0,0.0,0.0
2021-02-23,66.32,33.68,3.86,0.0,0.0,0.0
2021-03-02,65.42,34.58,4.16,0.0,0.0,0.0
2021-03-09,57.48,42.52,4.16,0.0,0.0,0.0
2021-03-16,58.27,41.73,3.72,0.0,0.0,0.0
2021-03-23,48.43,51.57,4.96,0.0,0.0,0.0
2021-03-30,48.52,51.48,11.83,0.0,0.0,0.0
2021-04-06,41.99,58.01,16.96,0.0,0.0,0.0
2021-04-13,35.83,64.17,20.8,0.0,0.0,0.0
2021-04-20,33.81,66.19,20.8,0.0,0.0,0.0
2021-04-27,31.34,68.66,16.26,0.0,0.0,0.0
2021-05-04,25.88,74.12,8.05,0.0,0.0,0.0
2021-05-11,72.4,27.6,2.62,0.0,0.0,0.0
2021-05-18,72.4,27.6,2.7,0.0,0.0,0.0
2021-05-25,44.4,55.6,5.08,0.0,0.0,0.0
2021-06-01,55.89,44.11,5.08,0.0,0.0,0.0
2021-06-08,55.15,44.85,4.85,0.0,0.0,0.0
2021-06-15,56.21,43.79,12.37,0.0,0.0,0.0
2021-06-22,56.21,43.79,12.37,0.0,0.0,0.0
2021-06-29,57.82,42.18,12.19,0.0,0.0,0.0
2021-07-06,57.83,42.17,14.68,0.0,0.0,0.0
2021-07-13,70.17,29.83,11.36,0.0,0.0,0.0
2021-07-20,84.45,15.55,6.32,0.0,0.0,0.0
2021-07-27,88.71,11.29,3.36,0.0,0.0,0.0
2021-08-03,93.99,6.01,1.4,0.0,0.0,0.0
2021-08-10,94.04,5.96,1.39,0.0,0.0,0.0
2021-08-17,94.17,5.83,1.16,0.0,0.0,0.0
2021-08-24,94.22,5.78,1.16,0.0,0.0,0.0
2021-08-31,92.01,7.99,1.16,0.0,0.0,0.0
2021-09-07,91.26,8.74,1.87,0.0,0.0,0.0
2021-09-14,92.46,7.54,0.95,0.0,0.0,0.0
2021-09-21,93.31,6.69,0.95,0.0,0.0,0.0
2021-09-28,93.56,6.44,0.68,0.0,0.0,0.0
2021-10-05,91.66,8.34,0.68,0.0,0.0,0.0
2021-10-12,87.68,12.32,0.67,0.0,0.0,0.0
2021-10-19,90.94,9.06,0.07,0.0,0.0,0.0
2021-10-26,90.94,9.06,0.07,0.0,0.0,0.0
2021-11-02,97.87,2.13,0.1,0.0,0.0,0.0
2021-11-09,97.87,2.13,0.1,0.0,0.0,0.0
2021-11-16,97.53,2.47,0.31,0.0,0.0,0.0
2021-11-23,96.03,3.97,0.31,0.0,0.0,0.0
2021-11-30,96.03,3.97,1.67,0.0,0.0,0.0
2021-12-07,95.28,4.72,1.62,0.0,0.0,0.0
2021-12-14,93.9,6.1,1.62,0.0,0.0,0.0
2021-12-21,91.53,8.47,1.62,0.0,0.0,0.0
2021-12-28,91.53,8.47,1.62,0.0,0.0,0.0
2022-01-04,91.53,8.47,1.62,0.0,0.0,0.0
2022-01-11,91.57,8.43,1.62,0.0,0.0,0.0
2022-01-18,92.9,7.1,1.49,0.0,0.0,0.0
2022-01-25,92.96,7.04,1.49,0.0,0.0,0.0
2022-02-01,85.05,14.95,2.25,0.27,0.0,0.0
2022-02-08,87.49,12.51,0.19,0.0,0.0,0.0
2022-02-15,87.67,12.33,0.04,0.0,0.0,0.0
2022-02-22,87.67,12.33,0.04,0.0,0.0,0.0
2022-03-01,87.64,12.36,0.27,0.0,0.0,0.0
2022-03-08,84.07,15.93,3.71,0.0,0.0,0.0
2022-03-15,85.52,14.48,3.71,0.0,0.0,0.0
2022-03-22,78.76,21.24,3.71,0.0,0.0,0.0
2022-03-29,78.33,21.67,3.71,0.0,0.0,0.0
2022-04-05,81.14,18.86,3.71,0.0,0.0,0.0
2022-04-12,94.28,5.72,1.65,0.0,0.0,0.0
2022-04-19,95.59,4.41,0.27,0.0,0.0,0.0
2022-04-26,95.81,4.19,0.26,0.0,0.0,0.0
2022-05-03,94.18,5.82,0.2,0.0,0.0,0.0
2022-05-10,95.32,4.68,0.2,0.0,0.0,0.0
2022-05-17,87.38,12.62,0.89,0.0,0.0,0.0
2022-05-24,86.93,13.07,1.06,0.0,0.0,0.0
2022-05-31,87.01,12.99,1.03,0.0,0.0,0.0
2022-06-07,86.49,13.51,3.51,0.0,0.0,0.0
2022-06-14,88.9,11.1,3.88,0.08,0.0,0.0
2022-06-21,86.33,13.67,3.92,0.48,0.0,0.0
2022-06-28,81.27,18.73,3.92,1.02,0.0,0.0
2022-07-05,67.48,32.52,3.42,0.46,0.0,0.0
2022-07-12,59.26,40.74,4.65,0.46,0.0,0.0
2022-07-19,56.73,43.27,8.97,0.46,0.0,0.0
2022-07-26,48.76,51.24,11.2,0.46,0.0,0.0
2022-08-02,46.86,53.14,18.85,0.47,0.0,0.0
2022-08-09,42.03,57.97,16.17,1.48,0.0,0.0
2022-08-16,40.66,59.34,23.12,4.01,0.0,0.0
2022-08-23,40.51,59.49,25.87,4.44,0.0,0.0
2022-08-30,23.06,76.94,30.39,9.08,0.0,0.0
2022-09-06,33.88,66.12,21.97,8.81,0.0,0.0
2022-09-13,40.16,59.84,22.18,6.61,0.0,0.0
2022-09-20,49.48,50.52,18.52,6.24,0.0,0.0
2022-09-27,67.56,32.44,16.8,5.28,0.0,0.0
2022-10-04,74.35,25.65,12.25,3.97,0.0,0.0
2022-10-11,80.29,19.71,8.19,0.8,0.0,0.0
2022-10-18,82.16,17.84,5.86,0.61,0.0,0.0
2022-10-25,70.48,29.52,4.71,0.61,0.0,0.0
2022-11-01,64.42,35.58,4.71,0.61,0.0,0.0
2022-11-08,62.72,37.28,4.81,0.61,0.0,0.0
2022-11-15,88.4,11.6,4.59,0.0,0.0,0.0
2022-11-22,89.26,10.74,4.52,0.0,0.0,0.0
2022-11-29,89.26,10.74,4.52,0.0,0.0,0.0
2022-12-06,87.91,12.09,4.41,0.0,0.0,0.0
2022-12-13,86.68,13.32,4.41,0.0,0.0,0.0
2022-12-20,89.15,10.85,3.07,0.0,0.0,0.0
2022-12-27,88.68,11.32,0.7,0.0,0.0,0.0
2023-01-03,88.68,11.32,0.7,0.0,0.0,0.0
2023-01-10,88.87,11.13,0.7,0.0,0.0,0.0
2023-01-17,87.58,12.42,0.7,0.0,0.0,0.0
2023-01-24,87.98,12.02,0.7,0.0,0.0,0.0
2023-01-31,92.66,7.34,0.7,0.0,0.0,0.0
2023-02-07,93.46,6.54,0.0,0.0,0.0,0.0
2023-02-14,93.46,6.54,0.0,0.0,0.0,0.0
2023-02-21,93.46,6.54,0.0,0.0,0.0,0.0
2023-02-28,93.19,6.81,0.0,0.0,0.0,0.0
2023-03-07,95.08,4.92,0.0,0.0,0.0,0.0
2023-03-14,92.93,7.07,0.23,0.0,0.0,0.0
2023-03-21,91.32,8.68,0.23,0.0,0.0,0.0
2023-03-28,91.32,8.68,1.47,0.0,0.0,0.0
2023-04-04,89.97,10.03,2.59,0.0,0.0,0.0
2023-04-11,84.44,15.56,1.43,0.0,0.0,0.0
2023-04-18,81.13,18.87,3.52,0.0,0.0,0.0
2023-04-25,82.92,17.08,2.78,0.0,0.0,0.0
2023-05-02,95.4,4.6,1.04,0.0,0.0,0.0
2023-05-09,95.86,4.14,1.15,0.0,0.0,0.0
2023-05-16,96.0,4.0,1.14,0.0,0.0,0.0
2023-05-23,97.26,2.74,0.37,0.0,0.0,0.0
2023-05-30,76.32,23.68,0.21,0.0,0.0,0.0
2023-06-06,22.52,77.48,2.27,0.0,0.0,0.0
2023-06-13,15.92,84.08,10.89,0.0,0.0,0.0
2023-06-20,12.79,87.21,17.9,0.08,0.0,0.0
2023-06-27,22.66,77.34,16.8,0.08,0.0,0.0
2023-07-04,25.65,74.35,14.99,0.08,0.0,0.0
2023-07-11,58.02,41.98,14.21,0.0,0.0,0.0
2023-07-18,66.1,33.9,10.18,0.0,0.0,0.0
2023-07-25,72.98,27.02,7.98,0.43,0.0,0.0
2023-08-01,80.79,19.21,6.47,0.43,0.0,0.0
2023-08-08,83.18,16.82,6.47,0.43,0.0,0.0
2023-08-15,86.04,13.96,4.08,0.43,0.0,0.0
2023-08-22,87.9,12.1,1.65,0.09,0.0,0.0
2023-08-29,91.78,8.22,1.65,0.0,0.0,0.0
2023-09-05,91.21,8.79,2.32,0.0,0.0,0.0
2023-09-12,92.31,7.69,1.94,0.0,0.0,0.0
2023-09-19,86.22,13.78,1.94,0.0,0.0,0.0
2023-09-26,85.83,14.17,1.96,0.0,0.0,0.0
2023-10-03,82.73,17.27,3.49,1.18,0.0,0.0
2023-10-10,85.52,14.48,2.75,0.64,0.0,0.0
2023-10-17,84.3,15.7,3.16,0.64,0.0,0.0
2023-10-24,79.7,20.3,3.16,0.64,0.0,0.0
2023-10-31,77.45,22.55,2.59,0.64,0.0,0.0
2023-11-07,74.78,25.22,4.15,0.64,0.0,0.0
2023-11-14,70.55,29.45,4.72,0.8,0.0,0.0
2023-11-21,66.84,33.16,5.52,0.8,0.0,0.0
2023-11-28,68.75,31.25,4.71,0.8,0.0,0.0
2023-12-05,71.22,28.78,4.87,0.8,0.0,0.0
2023-12-12,75.6,24.4,4.87,0.8,0.0,0.0
2023-12-19,83.75,16.25,4.87,1.59,0.0,0.0
2023-12-26,86.05,13.95,4.87,1.59,0.0,0.0
2024-01-02,86.4,13.6,4.56,1.4,0.0,0.0
2024-01-09,84.81,15.19,5.38,1.4,0.0,0.0
2024-01-16,84.2,15.8,6.56,0.0,0.0,0.0
2024-01-23,84.05,15.95,7.39,0.0,0.0,0.0
2024-01-30,86.75,13.25,3.75,0.0,0.0,0.0
2024-02-06,86.77,13.23,3.66,0.0,0.0,0.0
2024-02-13,86.96,13.04,2.99,0.0,0.0,0.0
2024-02-20,86.96,13.04,2.99,0.0,0.0,0.0
2024-02-27,86.96,13.04,2.99,0.0,0.0,0.0
2024-03-05,88.09,11.91,2.25,0.0,0.0,0.0
2024-03-12,88.57,11.43,2.49,0.0,0.0,0.0
2024-03-19,89.42,10.58,2.12,0.0,0.0,0.0
2024-03-26,90.1,9.9,2.05,0.0,0.0,0.0
2024-04-02,88.16,11.84,2.05,0.0,0.0,0.0
2024-04-09,90.04,9.96,1.96,0.0,0.0,0.0
2024-04-16,92.89,7.11,0.35,0.0,0.0,0.0
2024-04-23,93.18,6.82,0.21,0.0,0.0,0.0
2024-04-30,93.35,6.65,0.0,0.0,0.0,0.0
2024-05-07,93.65,6.35,0.0,0.0,0.0,0.0
2024-05-14,93.65,6.35,0.0,0.0,0.0,0.0
2024-05-21,93.65,6.35,0.0,0.0,0.0,0.0
2024-05-28,93.65,6.35,0.0,0.0,0.0,0.0
2024-06-04,89.56,10.44,0.0,0.0,0.0,0.0
2024-06-11,93.83,6.17,0.0,0.0,0.0,0.0
2024-06-18,81.65,18.35,0.0,0.0,0.0,0.0
2024-06-25,76.16,23.84,1.39,0.0,0.0,0.0
2024-07-02,85.46,14.54,0.67,0.0,0.0,0.0
2024-07-09,84.13,15.87,1.12,0.0,0.0,0.0
2024-07-16,87.06,12.94,2.09,0.0,0.0,0.0
2024-07-23,88.28,11.72,1.77,0.0,0.0,0.0
2024-07-30,89.12,10.88,1.77,0.0,0.0,0.0
2024-08-06,90.32,9.68,1.34,0.0,0.0,0.0
2024-08-13,96.86,3.14,0.0,0.0,0.0,0.0
2024-08-20,97.28,2.72,0.0,0.0,0.0,0.0
2024-08-27,97.26,2.74,0.0,0.0,0.0,0.0
2024-09-03,95.42,4.58,0.0,0.0,0.0,0.0
2024-09-10,94.56,5.44,0.36,0.0,0.0,0.0
2024-09-17,92.51,7.49,0.45,0.0,0.0,0.0
2024-09-24,69.16,30.84,1.08,0.0,0.0,0.0
2024-10-01,73.98,26.02,1.5,0.0,0.0,0.0
2024-10-08,63.27,36.73,3.39,0.55,0.0,0.0
2024-10-15,59.79,40.21,7.87,1.57,0.0,0.0
2024-10-22,59.96,40.04,9.45,4.1,0.0,0.0
2024-10-29,37.75,62.25,18.05,6.93,0.0,0.0
2024-11-05,17.61,82.39,34.17,9.79,2.53,0.0
2024-11-12,15.59,84.41,34.32,22.6,3.6,0.0
2024-11-19,12.71,87.29,40.34,25.06,6.44,0.0
2024-11-26,12.73,87.27,40.34,25.06,6.44,0.0
2024-12-03,9.74,90.26,38.05,25.06,6.44,0.0
2024-12-10,11.36,88.64,37.56,25.06,6.44,0.0
2024-12-17,30.14,69.86,25.54,13.79,6.33,0.0
2024-12-24,34.49,65.51,25.54,11.68,6.25,0.0
2024-12-31,35.96,64.04,23.83,8.71,4.33,0.0
2025-01-07,44.17,55.83,20.52,8.29,4.33,0.0
2025-01-14,44.17,55.83,19.49,8.29,4.33,0.0
2025-01-21,44.17,55.83,19.49,8.29,4.33,0.0
2025-01-28,41.76,58.24,19.49,10.28,4.33,0.0
2025-02-04,35.91,64.09,19.49,11.63,4.33,0.0
2025-02-11,35.91,64.09,19.49,10.84,4.33,0.0
2025-02-18,38.23,61.77,18.78,7.52,2.93,0.0
2025-02-25,38.67,61.33,18.78,7.96,2.93,0.0
2025-03-04,39.26,60.74,18.78,8.53,2.93,0.0
2025-03-11,37.28,62.72,18.52,5.61,2.7,0.0
2025-03-18,40.86,59.14,17.6,5.12,1.75,0.0
2025-03-25,44.05,55.95,16.52,4.35,0.93,0.0
2025-04-01,47.24,52.76,15.15,4.34,0.58,0.0
2025-04-08,60.07,39.93,9.41,2.58,0.0,0.0
2025-04-15,63.18,36.82,8.07,1.1,0.0,0.0
2025-04-22,63.18,36.82,8.07,1.1,0.0,0.0
2025-04-29,62.44,37.56,8.23,1.39,0.0,0.0
2025-05-06,79.3,20.7,6.34,0.69,0.0,0.0
2025-05-13,84.71,15.29,3.8,0.0,0.0,0.0
2025-05-20,89.61,10.39,0.0,0.0,0.0,0.0
2025-05-27,95.26,4.74,0.0,0.0,0.0,0.0
2025-06-03,97.78,2.22,0.0,0.0,0.0,0.0
2025-06-10,97.81,2.19,0.0,0.0,0.0,0.0
2025-06-17,97.56,2.44,0.0,0.0,0.0,0.0
2025-06-24,96.78,3.22,0.0,0.0,0.0,0.0
2025-07-01,94.52,5.48,0.0,0.0,0.0,0.0
2025-07-08,93.44,6.56,0.0,0.0,0.0,0.0
2025-07-15,96.51,3.49,0.0,0.0,0.0,0.0
2025-07-22,93.24,6.76,0.0,0.0,0.0,0.0
2025-07-29,90.29,9.71,0.0,0.0,0.0,0.0
2025-08-05,79.61,20.39,0.0,0.0,0.0,0.0
2025-08-12,54.31,45.69,3.33,0.0,0.0,0.0
2025-08-19,44.81,55.19,5.47,0.0,0.0,0.0
2025-08-26,44.36,55.64,9.77,0.0,0.0,0.0
2025-09-02,35.06,64.94,13.43,1.09,0.0,0.0
2025-09-09,33.22,66.78,19.92,1.15,0.0,0.0
2025-09-16,26.08,73.92,24.21,1.36,0.0,0.0
2025-09-23,11.64,88.36,30.49,3.94,0.0,0.0
2025-09-30,12.77,87.23,35.91,6.38,0.0,0.0
2025-10-07,9.1,90.9,58.73,19.6,0.22,0.0
2025-10-14,10.28,89.72,55.07,21.87,0.09,0.0
2025-10-21,13.26,86.74,58.76,21.86,0.03,0.0
2025-10-28,12.14,87.86,64.3,18.03,0.03,0.0
2025-11-04,24.27,75.73,50.92,0.75,0.0,0.0
2025-11-11,26.22,73.78,47.2,0.69,0.0,0.0
2025-11-18,29.3,70.7,33.47,0.69,0.0,0.0
2025-11-25,37.1,62.9,28.51,1.24,0.0,0.0
2025-12-02,39.44,60.56,26.61,1.26,0.0,0.0
2025-12-09,36.82,63.18,27.07,1.54,0.0,0.0
2025-12-16,32.62,67.38,27.07,1.54,0.0,0.0
2025-12-23,33.09,66.91,25.99,1.07,0.0,0.0
2025-12-30,34.32,65.68,24.69,1.07,0.0,0.0
2026-01-06,34.5,65.5,28.76,2.01,0.0,0.0
2026-01-13,40.76,59.24,23.65,2.01,0.0,0.0
2026-01-20,42.1,57.9,21.29,2.01,0.0,0.0
2026-01-27,43.89,56.11,20.86,2.01,0.0,0.0
2026-02-03,45.92,54.08,18.02,0.24,0.0,0.0
2026-02-10,45.92,54.08,18.02,1.86,0.0,0.0
2026-02-17,45.13,54.87,20.21,3.47,0.77,0.0
2026-02-24,45.13,54.87,18.43,3.23,0.77,0.0
2026-03-03,45.24,54.76,18.61,3.54,0.77,0.0
2026-03-10,45.24,54.76,13.71,1.54,0.39,0.0
